term_id,article_id,term,term_type,source_field,position,published_date,tags,relevance_score,source_url,collected_at
%eb%94%94%ec%98%a4-%ec%a3%bc%ea%b0%84-%eb%8b%88%ea%b0%80-%ec%a2%8b%ec%95%84-%ec%_1,%eb%94%94%ec%98%a4-%ec%a3%bc%ea%b0%84-%eb%8b%88%ea%b0%80-%ec%a2%8b%ec%95%84-%ec%,니가 좋아💖,keyword,h2,1,2026-06-23,SNS|밈|바이럴,3,https://gogumafarm.kr/%eb%94%94%ec%98%a4-%ec%a3%bc%ea%b0%84-%eb%8b%88%ea%b0%80-%ec%a2%8b%ec%95%84-%ec%a7%80%ea%b8%88-%eb%8b%b9%ec%9e%a5-%ec%8d%a8%ec%95%bc%ed%95%98%eb%8a%94-%ec%b5%9c%ec%8b%a0-%ec%9c%a0%ed%96%89-%eb%b0%88/,2026-07-09T15:19:51+09:00
%eb%94%94%ec%98%a4-%ec%a3%bc%ea%b0%84-%eb%8b%88%ea%b0%80-%ec%a2%8b%ec%95%84-%ec%_2,%eb%94%94%ec%98%a4-%ec%a3%bc%ea%b0%84-%eb%8b%88%ea%b0%80-%ec%a2%8b%ec%95%84-%ec%,난 파라파라나 추고 있어야겠다💃 오이데,phrase,h2,2,2026-06-23,SNS|밈|바이럴,3,https://gogumafarm.kr/%eb%94%94%ec%98%a4-%ec%a3%bc%ea%b0%84-%eb%8b%88%ea%b0%80-%ec%a2%8b%ec%95%84-%ec%a7%80%ea%b8%88-%eb%8b%b9%ec%9e%a5-%ec%8d%a8%ec%95%bc%ed%95%98%eb%8a%94-%ec%b5%9c%ec%8b%a0-%ec%9c%a0%ed%96%89-%eb%b0%88/,2026-07-09T15:19:51+09:00
%eb%94%94%ec%98%a4-%ec%a3%bc%ea%b0%84-%eb%8b%88%ea%b0%80-%ec%a2%8b%ec%95%84-%ec%_3,%eb%94%94%ec%98%a4-%ec%a3%bc%ea%b0%84-%eb%8b%88%ea%b0%80-%ec%a2%8b%ec%95%84-%ec%,띠로리 대신 띠로리리~↘,phrase,h2,3,2026-06-23,SNS|밈|바이럴,3,https://gogumafarm.kr/%eb%94%94%ec%98%a4-%ec%a3%bc%ea%b0%84-%eb%8b%88%ea%b0%80-%ec%a2%8b%ec%95%84-%ec%a7%80%ea%b8%88-%eb%8b%b9%ec%9e%a5-%ec%8d%a8%ec%95%bc%ed%95%98%eb%8a%94-%ec%b5%9c%ec%8b%a0-%ec%9c%a0%ed%96%89-%eb%b0%88/,2026-07-09T15:19:51+09:00
%eb%94%94%ec%98%a4-%ec%a3%bc%ea%b0%84-%eb%8b%88%ea%b0%80-%ec%a2%8b%ec%95%84-%ec%_4,%eb%94%94%ec%98%a4-%ec%a3%bc%ea%b0%84-%eb%8b%88%ea%b0%80-%ec%a2%8b%ec%95%84-%ec%,디오 주간🥲,keyword,h2,4,2026-06-23,SNS|밈|바이럴,3,https://gogumafarm.kr/%eb%94%94%ec%98%a4-%ec%a3%bc%ea%b0%84-%eb%8b%88%ea%b0%80-%ec%a2%8b%ec%95%84-%ec%a7%80%ea%b8%88-%eb%8b%b9%ec%9e%a5-%ec%8d%a8%ec%95%bc%ed%95%98%eb%8a%94-%ec%b5%9c%ec%8b%a0-%ec%9c%a0%ed%96%89-%eb%b0%88/,2026-07-09T15:19:51+09:00
%eb%94%94%ec%98%a4-%ec%a3%bc%ea%b0%84-%eb%8b%88%ea%b0%80-%ec%a2%8b%ec%95%84-%ec%_5,%eb%94%94%ec%98%a4-%ec%a3%bc%ea%b0%84-%eb%8b%88%ea%b0%80-%ec%a2%8b%ec%95%84-%ec%,천연 위고비🥚,keyword,h2,5,2026-06-23,SNS|밈|바이럴,3,https://gogumafarm.kr/%eb%94%94%ec%98%a4-%ec%a3%bc%ea%b0%84-%eb%8b%88%ea%b0%80-%ec%a2%8b%ec%95%84-%ec%a7%80%ea%b8%88-%eb%8b%b9%ec%9e%a5-%ec%8d%a8%ec%95%bc%ed%95%98%eb%8a%94-%ec%b5%9c%ec%8b%a0-%ec%9c%a0%ed%96%89-%eb%b0%88/,2026-07-09T15:19:51+09:00
%eb%82%98-%ea%b3%a0%ea%b5%ac%eb%a7%88%ed%8c%9c%ec%9d%b8%eb%8d%b0-%ec%9a%94%ec%a6_1,%eb%82%98-%ea%b3%a0%ea%b5%ac%eb%a7%88%ed%8c%9c%ec%9d%b8%eb%8d%b0-%ec%9a%94%ec%a6,나 oo년생 ooo인데,phrase,h2,1,2026-06-10,SNS|밈|바이럴,3,https://gogumafarm.kr/%eb%82%98-%ea%b3%a0%ea%b5%ac%eb%a7%88%ed%8c%9c%ec%9d%b8%eb%8d%b0-%ec%9a%94%ec%a6%98-%eb%9c%a8%eb%8a%94-%eb%b0%88-%ea%b0%80%ec%a0%b8%ec%99%94%eb%8b%a4-2026%eb%85%84-6%ec%9b%94-%ec%b5%9c%ec%8b%a0/,2026-07-09T15:19:51+09:00
%eb%82%98-%ea%b3%a0%ea%b5%ac%eb%a7%88%ed%8c%9c%ec%9d%b8%eb%8d%b0-%ec%9a%94%ec%a6_2,%eb%82%98-%ea%b3%a0%ea%b5%ac%eb%a7%88%ed%8c%9c%ec%9d%b8%eb%8d%b0-%ec%9a%94%ec%a6,밀레니얼 vs젠지 담당자 비교,phrase,h2,2,2026-06-10,SNS|밈|바이럴,3,https://gogumafarm.kr/%eb%82%98-%ea%b3%a0%ea%b5%ac%eb%a7%88%ed%8c%9c%ec%9d%b8%eb%8d%b0-%ec%9a%94%ec%a6%98-%eb%9c%a8%eb%8a%94-%eb%b0%88-%ea%b0%80%ec%a0%b8%ec%99%94%eb%8b%a4-2026%eb%85%84-6%ec%9b%94-%ec%b5%9c%ec%8b%a0/,2026-07-09T15:19:51+09:00
%eb%82%98-%ea%b3%a0%ea%b5%ac%eb%a7%88%ed%8c%9c%ec%9d%b8%eb%8d%b0-%ec%9a%94%ec%a6_3,%eb%82%98-%ea%b3%a0%ea%b5%ac%eb%a7%88%ed%8c%9c%ec%9d%b8%eb%8d%b0-%ec%9a%94%ec%a6,자기 직업 불법적으로 말하기,phrase,h2,3,2026-06-10,SNS|밈|바이럴,3,https://gogumafarm.kr/%eb%82%98-%ea%b3%a0%ea%b5%ac%eb%a7%88%ed%8c%9c%ec%9d%b8%eb%8d%b0-%ec%9a%94%ec%a6%98-%eb%9c%a8%eb%8a%94-%eb%b0%88-%ea%b0%80%ec%a0%b8%ec%99%94%eb%8b%a4-2026%eb%85%84-6%ec%9b%94-%ec%b5%9c%ec%8b%a0/,2026-07-09T15:19:51+09:00
%eb%82%98-%ea%b3%a0%ea%b5%ac%eb%a7%88%ed%8c%9c%ec%9d%b8%eb%8d%b0-%ec%9a%94%ec%a6_4,%eb%82%98-%ea%b3%a0%ea%b5%ac%eb%a7%88%ed%8c%9c%ec%9d%b8%eb%8d%b0-%ec%9a%94%ec%a6,피라미드에도 악플이 달린다는 사실을 기억하자,phrase,h2,4,2026-06-10,SNS|밈|바이럴,3,https://gogumafarm.kr/%eb%82%98-%ea%b3%a0%ea%b5%ac%eb%a7%88%ed%8c%9c%ec%9d%b8%eb%8d%b0-%ec%9a%94%ec%a6%98-%eb%9c%a8%eb%8a%94-%eb%b0%88-%ea%b0%80%ec%a0%b8%ec%99%94%eb%8b%a4-2026%eb%85%84-6%ec%9b%94-%ec%b5%9c%ec%8b%a0/,2026-07-09T15:19:51+09:00
%eb%82%98-%ea%b3%a0%ea%b5%ac%eb%a7%88%ed%8c%9c%ec%9d%b8%eb%8d%b0-%ec%9a%94%ec%a6_5,%eb%82%98-%ea%b3%a0%ea%b5%ac%eb%a7%88%ed%8c%9c%ec%9d%b8%eb%8d%b0-%ec%9a%94%ec%a6,아이런걸로피곤하고싶지않다,phrase,h2,5,2026-06-10,SNS|밈|바이럴,3,https://gogumafarm.kr/%eb%82%98-%ea%b3%a0%ea%b5%ac%eb%a7%88%ed%8c%9c%ec%9d%b8%eb%8d%b0-%ec%9a%94%ec%a6%98-%eb%9c%a8%eb%8a%94-%eb%b0%88-%ea%b0%80%ec%a0%b8%ec%99%94%eb%8b%a4-2026%eb%85%84-6%ec%9b%94-%ec%b5%9c%ec%8b%a0/,2026-07-09T15:19:51+09:00
%ec%9a%94%ec%a6%98-%ec%9c%a0%ed%96%89%ed%95%98%eb%8a%94-%eb%b0%88-%eb%aa%a8%ec%9_1,%ec%9a%94%ec%a6%98-%ec%9c%a0%ed%96%89%ed%95%98%eb%8a%94-%eb%b0%88-%eb%aa%a8%ec%9,밈 없냐 밈 소개시켜줘야쥬 ㅋㅅㅋ,phrase,h2,1,2026-05-18,SNS|밈|바이럴,3,https://gogumafarm.kr/%ec%9a%94%ec%a6%98-%ec%9c%a0%ed%96%89%ed%95%98%eb%8a%94-%eb%b0%88-%eb%aa%a8%ec%9d%8c-green-green-2026%eb%85%84-5%ec%9b%94-%ec%b5%9c%ec%8b%a0-%eb%b0%88-%eb%aa%a8%ec%9d%8c/,2026-07-09T15:19:51+09:00
%ec%9a%94%ec%a6%98-%ec%9c%a0%ed%96%89%ed%95%98%eb%8a%94-%eb%b0%88-%eb%aa%a8%ec%9_2,%ec%9a%94%ec%a6%98-%ec%9c%a0%ed%96%89%ed%95%98%eb%8a%94-%eb%b0%88-%eb%aa%a8%ec%9,👱 남쟈 없냐 남쟈,phrase,h3,2,2026-05-18,SNS|밈|바이럴,3,https://gogumafarm.kr/%ec%9a%94%ec%a6%98-%ec%9c%a0%ed%96%89%ed%95%98%eb%8a%94-%eb%b0%88-%eb%aa%a8%ec%9d%8c-green-green-2026%eb%85%84-5%ec%9b%94-%ec%b5%9c%ec%8b%a0-%eb%b0%88-%eb%aa%a8%ec%9d%8c/,2026-07-09T15:19:51+09:00
%ec%9a%94%ec%a6%98-%ec%9c%a0%ed%96%89%ed%95%98%eb%8a%94-%eb%b0%88-%eb%aa%a8%ec%9_3,%ec%9a%94%ec%a6%98-%ec%9c%a0%ed%96%89%ed%95%98%eb%8a%94-%eb%b0%88-%eb%aa%a8%ec%9,🚨 (That’s red red),phrase,h3,3,2026-05-18,SNS|밈|바이럴,3,https://gogumafarm.kr/%ec%9a%94%ec%a6%98-%ec%9c%a0%ed%96%89%ed%95%98%eb%8a%94-%eb%b0%88-%eb%aa%a8%ec%9d%8c-green-green-2026%eb%85%84-5%ec%9b%94-%ec%b5%9c%ec%8b%a0-%eb%b0%88-%eb%aa%a8%ec%9d%8c/,2026-07-09T15:19:51+09:00
%ec%9a%94%ec%a6%98-%ec%9c%a0%ed%96%89%ed%95%98%eb%8a%94-%eb%b0%88-%eb%aa%a8%ec%9_4,%ec%9a%94%ec%a6%98-%ec%9c%a0%ed%96%89%ed%95%98%eb%8a%94-%eb%b0%88-%eb%aa%a8%ec%9,💅 난 널 버리지 않아 옵 옵 옵 옵 인간 여짜,phrase,h3,4,2026-05-18,SNS|밈|바이럴,3,https://gogumafarm.kr/%ec%9a%94%ec%a6%98-%ec%9c%a0%ed%96%89%ed%95%98%eb%8a%94-%eb%b0%88-%eb%aa%a8%ec%9d%8c-green-green-2026%eb%85%84-5%ec%9b%94-%ec%b5%9c%ec%8b%a0-%eb%b0%88-%eb%aa%a8%ec%9d%8c/,2026-07-09T15:19:51+09:00
%ec%9a%94%ec%a6%98-%ec%9c%a0%ed%96%89%ed%95%98%eb%8a%94-%eb%b0%88-%eb%aa%a8%ec%9_5,%ec%9a%94%ec%a6%98-%ec%9c%a0%ed%96%89%ed%95%98%eb%8a%94-%eb%b0%88-%eb%aa%a8%ec%9,🥱 라을라,keyword,h3,5,2026-05-18,SNS|밈|바이럴,3,https://gogumafarm.kr/%ec%9a%94%ec%a6%98-%ec%9c%a0%ed%96%89%ed%95%98%eb%8a%94-%eb%b0%88-%eb%aa%a8%ec%9d%8c-green-green-2026%eb%85%84-5%ec%9b%94-%ec%b5%9c%ec%8b%a0-%eb%b0%88-%eb%aa%a8%ec%9d%8c/,2026-07-09T15:19:51+09:00
%ec%9a%94%ec%a6%98-%ec%9c%a0%ed%96%89%ed%95%98%eb%8a%94-%eb%b0%88-%eb%aa%a8%ec%9_6,%ec%9a%94%ec%a6%98-%ec%9c%a0%ed%96%89%ed%95%98%eb%8a%94-%eb%b0%88-%eb%aa%a8%ec%9,🥇 골든이여라,keyword,h3,6,2026-05-18,SNS|밈|바이럴,3,https://gogumafarm.kr/%ec%9a%94%ec%a6%98-%ec%9c%a0%ed%96%89%ed%95%98%eb%8a%94-%eb%b0%88-%eb%aa%a8%ec%9d%8c-green-green-2026%eb%85%84-5%ec%9b%94-%ec%b5%9c%ec%8b%a0-%eb%b0%88-%eb%aa%a8%ec%9d%8c/,2026-07-09T15:19:51+09:00
%ec%9a%94%ec%a6%98-%ec%9c%a0%ed%96%89%ed%95%98%eb%8a%94-%eb%b0%88-%eb%aa%a8%ec%9_7,%ec%9a%94%ec%a6%98-%ec%9c%a0%ed%96%89%ed%95%98%eb%8a%94-%eb%b0%88-%eb%aa%a8%ec%9,🤖 난 감정 없는 싸이코라 그런가…,phrase,h3,7,2026-05-18,SNS|밈|바이럴,3,https://gogumafarm.kr/%ec%9a%94%ec%a6%98-%ec%9c%a0%ed%96%89%ed%95%98%eb%8a%94-%eb%b0%88-%eb%aa%a8%ec%9d%8c-green-green-2026%eb%85%84-5%ec%9b%94-%ec%b5%9c%ec%8b%a0-%eb%b0%88-%eb%aa%a8%ec%9d%8c/,2026-07-09T15:19:51+09:00
%ec%9a%94%ec%a6%98-%ec%9c%a0%ed%96%89%ed%95%98%eb%8a%94-%eb%b0%88-%ec%95%8c-%ec%_1,%ec%9a%94%ec%a6%98-%ec%9c%a0%ed%96%89%ed%95%98%eb%8a%94-%eb%b0%88-%ec%95%8c-%ec%,내가 밈이라면 사귈 수 있을까,phrase,h2,1,2026-03-30,SNS|밈|바이럴,3,https://gogumafarm.kr/%ec%9a%94%ec%a6%98-%ec%9c%a0%ed%96%89%ed%95%98%eb%8a%94-%eb%b0%88-%ec%95%8c-%ec%88%98-%ec%9e%88%eb%8f%84%eb%a1%9d-%ea%b8%b0%eb%8f%84%ed%95%b4-%eb%93%9c%eb%a6%b4%ea%b2%8c%ec%9a%94-2026%eb%85%84-3/,2026-07-09T15:19:51+09:00
%ec%9a%94%ec%a6%98-%ec%9c%a0%ed%96%89%ed%95%98%eb%8a%94-%eb%b0%88-%ec%95%8c-%ec%_2,%ec%9a%94%ec%a6%98-%ec%9c%a0%ed%96%89%ed%95%98%eb%8a%94-%eb%b0%88-%ec%95%8c-%ec%,🦖 널 좋아하는 마음이 커졌어 막 공룡만 해,phrase,h3,2,2026-03-30,SNS|밈|바이럴,3,https://gogumafarm.kr/%ec%9a%94%ec%a6%98-%ec%9c%a0%ed%96%89%ed%95%98%eb%8a%94-%eb%b0%88-%ec%95%8c-%ec%88%98-%ec%9e%88%eb%8f%84%eb%a1%9d-%ea%b8%b0%eb%8f%84%ed%95%b4-%eb%93%9c%eb%a6%b4%ea%b2%8c%ec%9a%94-2026%eb%85%84-3/,2026-07-09T15:19:51+09:00
%ec%9a%94%ec%a6%98-%ec%9c%a0%ed%96%89%ed%95%98%eb%8a%94-%eb%b0%88-%ec%95%8c-%ec%_3,%ec%9a%94%ec%a6%98-%ec%9c%a0%ed%96%89%ed%95%98%eb%8a%94-%eb%b0%88-%ec%95%8c-%ec%,🫀 일하는 중에 갑자기 몸이 안 좋아졌어요 릴스,phrase,h3,3,2026-03-30,SNS|밈|바이럴,3,https://gogumafarm.kr/%ec%9a%94%ec%a6%98-%ec%9c%a0%ed%96%89%ed%95%98%eb%8a%94-%eb%b0%88-%ec%95%8c-%ec%88%98-%ec%9e%88%eb%8f%84%eb%a1%9d-%ea%b8%b0%eb%8f%84%ed%95%b4-%eb%93%9c%eb%a6%b4%ea%b2%8c%ec%9a%94-2026%eb%85%84-3/,2026-07-09T15:19:51+09:00
%ec%9a%94%ec%a6%98-%ec%9c%a0%ed%96%89%ed%95%98%eb%8a%94-%eb%b0%88-%ec%95%8c-%ec%_4,%ec%9a%94%ec%a6%98-%ec%9c%a0%ed%96%89%ed%95%98%eb%8a%94-%eb%b0%88-%ec%95%8c-%ec%,🙏 기도해 드릴게요,phrase,h3,4,2026-03-30,SNS|밈|바이럴,3,https://gogumafarm.kr/%ec%9a%94%ec%a6%98-%ec%9c%a0%ed%96%89%ed%95%98%eb%8a%94-%eb%b0%88-%ec%95%8c-%ec%88%98-%ec%9e%88%eb%8f%84%eb%a1%9d-%ea%b8%b0%eb%8f%84%ed%95%b4-%eb%93%9c%eb%a6%b4%ea%b2%8c%ec%9a%94-2026%eb%85%84-3/,2026-07-09T15:19:51+09:00
%ec%9a%94%ec%a6%98-%ec%9c%a0%ed%96%89%ed%95%98%eb%8a%94-%eb%b0%88-%ec%95%8c-%ec%_5,%ec%9a%94%ec%a6%98-%ec%9c%a0%ed%96%89%ed%95%98%eb%8a%94-%eb%b0%88-%ec%95%8c-%ec%,✨ 대한민국 유행 진짜 훅훅 바뀌는 듯 그럼 다음은 무조건 ~겠지,phrase,h3,5,2026-03-30,SNS|밈|바이럴,3,https://gogumafarm.kr/%ec%9a%94%ec%a6%98-%ec%9c%a0%ed%96%89%ed%95%98%eb%8a%94-%eb%b0%88-%ec%95%8c-%ec%88%98-%ec%9e%88%eb%8f%84%eb%a1%9d-%ea%b8%b0%eb%8f%84%ed%95%b4-%eb%93%9c%eb%a6%b4%ea%b2%8c%ec%9a%94-2026%eb%85%84-3/,2026-07-09T15:19:51+09:00
%ec%9a%94%ec%a6%98-%ec%9c%a0%ed%96%89%ed%95%98%eb%8a%94-%eb%b0%88-%ec%95%8c-%ec%_6,%ec%9a%94%ec%a6%98-%ec%9c%a0%ed%96%89%ed%95%98%eb%8a%94-%eb%b0%88-%ec%95%8c-%ec%,🧊 동결건조,keyword,h3,6,2026-03-30,SNS|밈|바이럴,3,https://gogumafarm.kr/%ec%9a%94%ec%a6%98-%ec%9c%a0%ed%96%89%ed%95%98%eb%8a%94-%eb%b0%88-%ec%95%8c-%ec%88%98-%ec%9e%88%eb%8f%84%eb%a1%9d-%ea%b8%b0%eb%8f%84%ed%95%b4-%eb%93%9c%eb%a6%b4%ea%b2%8c%ec%9a%94-2026%eb%85%84-3/,2026-07-09T15:19:51+09:00
%ec%9c%a4%ec%a0%95%ec%95%84-%ec%9c%a4%ec%a0%95%ec%95%84-%ec%9a%94%ec%a6%98-%eb%9_1,%ec%9c%a4%ec%a0%95%ec%95%84-%ec%9c%a4%ec%a0%95%ec%95%84-%ec%9a%94%ec%a6%98-%eb%9,"앉으라고, 밈 찾으러 왔잖아",phrase,h2,1,2026-01-26,SNS|밈|바이럴,3,https://gogumafarm.kr/%ec%9c%a4%ec%a0%95%ec%95%84-%ec%9c%a4%ec%a0%95%ec%95%84-%ec%9a%94%ec%a6%98-%eb%9c%a8%eb%8a%94-%eb%b0%88-%ec%95%8c%eb%a0%a4-%eb%8b%ac%eb%9e%ac%ec%a7%80-2026%eb%85%84-1%ec%9b%94-%ec%b5%9c%ec%8b%a0/,2026-07-09T15:19:51+09:00
%ec%9c%a4%ec%a0%95%ec%95%84-%ec%9c%a4%ec%a0%95%ec%95%84-%ec%9a%94%ec%a6%98-%eb%9_2,%ec%9c%a4%ec%a0%95%ec%95%84-%ec%9c%a4%ec%a0%95%ec%95%84-%ec%9a%94%ec%a6%98-%eb%9,윤정아 윤정아 왜요 쌤 왜요 쌤🕺,phrase,h3,2,2026-01-26,SNS|밈|바이럴,3,https://gogumafarm.kr/%ec%9c%a4%ec%a0%95%ec%95%84-%ec%9c%a4%ec%a0%95%ec%95%84-%ec%9a%94%ec%a6%98-%eb%9c%a8%eb%8a%94-%eb%b0%88-%ec%95%8c%eb%a0%a4-%eb%8b%ac%eb%9e%ac%ec%a7%80-2026%eb%85%84-1%ec%9b%94-%ec%b5%9c%ec%8b%a0/,2026-07-09T15:19:51+09:00
%ec%9c%a4%ec%a0%95%ec%95%84-%ec%9c%a4%ec%a0%95%ec%95%84-%ec%9a%94%ec%a6%98-%eb%9_3,%ec%9c%a4%ec%a0%95%ec%95%84-%ec%9c%a4%ec%a0%95%ec%95%84-%ec%9a%94%ec%a6%98-%eb%9,좋🤙다👍,keyword,h3,3,2026-01-26,SNS|밈|바이럴,3,https://gogumafarm.kr/%ec%9c%a4%ec%a0%95%ec%95%84-%ec%9c%a4%ec%a0%95%ec%95%84-%ec%9a%94%ec%a6%98-%eb%9c%a8%eb%8a%94-%eb%b0%88-%ec%95%8c%eb%a0%a4-%eb%8b%ac%eb%9e%ac%ec%a7%80-2026%eb%85%84-1%ec%9b%94-%ec%b5%9c%ec%8b%a0/,2026-07-09T15:19:51+09:00
%ec%9c%a4%ec%a0%95%ec%95%84-%ec%9c%a4%ec%a0%95%ec%95%84-%ec%9a%94%ec%a6%98-%eb%9_4,%ec%9c%a4%ec%a0%95%ec%95%84-%ec%9c%a4%ec%a0%95%ec%95%84-%ec%9a%94%ec%a6%98-%eb%9,운동 많이 된다 스트레스 많이 받을 거야 👟,phrase,h3,4,2026-01-26,SNS|밈|바이럴,3,https://gogumafarm.kr/%ec%9c%a4%ec%a0%95%ec%95%84-%ec%9c%a4%ec%a0%95%ec%95%84-%ec%9a%94%ec%a6%98-%eb%9c%a8%eb%8a%94-%eb%b0%88-%ec%95%8c%eb%a0%a4-%eb%8b%ac%eb%9e%ac%ec%a7%80-2026%eb%85%84-1%ec%9b%94-%ec%b5%9c%ec%8b%a0/,2026-07-09T15:19:51+09:00
%ec%9c%a4%ec%a0%95%ec%95%84-%ec%9c%a4%ec%a0%95%ec%95%84-%ec%9a%94%ec%a6%98-%eb%9_5,%ec%9c%a4%ec%a0%95%ec%95%84-%ec%9c%a4%ec%a0%95%ec%95%84-%ec%9a%94%ec%a6%98-%eb%9,단어 습득하는 몬스터 👾,phrase,h3,5,2026-01-26,SNS|밈|바이럴,3,https://gogumafarm.kr/%ec%9c%a4%ec%a0%95%ec%95%84-%ec%9c%a4%ec%a0%95%ec%95%84-%ec%9a%94%ec%a6%98-%eb%9c%a8%eb%8a%94-%eb%b0%88-%ec%95%8c%eb%a0%a4-%eb%8b%ac%eb%9e%ac%ec%a7%80-2026%eb%85%84-1%ec%9b%94-%ec%b5%9c%ec%8b%a0/,2026-07-09T15:19:51+09:00
%ec%9c%a4%ec%a0%95%ec%95%84-%ec%9c%a4%ec%a0%95%ec%95%84-%ec%9a%94%ec%a6%98-%eb%9_6,%ec%9c%a4%ec%a0%95%ec%95%84-%ec%9c%a4%ec%a0%95%ec%95%84-%ec%9a%94%ec%a6%98-%eb%9,놀기 신청하러 온 거야? 😼,phrase,h3,6,2026-01-26,SNS|밈|바이럴,3,https://gogumafarm.kr/%ec%9c%a4%ec%a0%95%ec%95%84-%ec%9c%a4%ec%a0%95%ec%95%84-%ec%9a%94%ec%a6%98-%eb%9c%a8%eb%8a%94-%eb%b0%88-%ec%95%8c%eb%a0%a4-%eb%8b%ac%eb%9e%ac%ec%a7%80-2026%eb%85%84-1%ec%9b%94-%ec%b5%9c%ec%8b%a0/,2026-07-09T15:19:51+09:00
%ec%9c%a4%ec%a0%95%ec%95%84-%ec%9c%a4%ec%a0%95%ec%95%84-%ec%9a%94%ec%a6%98-%eb%9_7,%ec%9c%a4%ec%a0%95%ec%95%84-%ec%9c%a4%ec%a0%95%ec%95%84-%ec%9a%94%ec%a6%98-%eb%9,난리자베스✨,keyword,h3,7,2026-01-26,SNS|밈|바이럴,3,https://gogumafarm.kr/%ec%9c%a4%ec%a0%95%ec%95%84-%ec%9c%a4%ec%a0%95%ec%95%84-%ec%9a%94%ec%a6%98-%eb%9c%a8%eb%8a%94-%eb%b0%88-%ec%95%8c%eb%a0%a4-%eb%8b%ac%eb%9e%ac%ec%a7%80-2026%eb%85%84-1%ec%9b%94-%ec%b5%9c%ec%8b%a0/,2026-07-09T15:19:51+09:00
2025%eb%85%84%ec%97%94-%ec%95%84%ec%a3%bc-%eb%a7%8e%ec%9d%80-%eb%b0%88%ec%9d%b4-_1,2025%eb%85%84%ec%97%94-%ec%95%84%ec%a3%bc-%eb%a7%8e%ec%9d%80-%eb%b0%88%ec%9d%b4-,올해 가장 강렬했던 캐릭터는,phrase,h2,1,2025-12-17,SNS|밈|바이럴,3,https://gogumafarm.kr/2025%eb%85%84%ec%97%94-%ec%95%84%ec%a3%bc-%eb%a7%8e%ec%9d%80-%eb%b0%88%ec%9d%b4-%ec%9e%87%ec%97%87%ec%8a%a8-%ec%98%ac%ed%95%b4%eb%a5%bc-%eb%92%a4%ed%9d%94%eb%93%a0-%eb%b0%88-%ec%b4%9d/,2026-07-09T15:19:51+09:00
2025%eb%85%84%ec%97%94-%ec%95%84%ec%a3%bc-%eb%a7%8e%ec%9d%80-%eb%b0%88%ec%9d%b4-_2,2025%eb%85%84%ec%97%94-%ec%95%84%ec%a3%bc-%eb%a7%8e%ec%9d%80-%eb%b0%88%ec%9d%b4-,내한하면 떼창부터 터질 것 같은 무대는,phrase,h2,2,2025-12-17,SNS|밈|바이럴,3,https://gogumafarm.kr/2025%eb%85%84%ec%97%94-%ec%95%84%ec%a3%bc-%eb%a7%8e%ec%9d%80-%eb%b0%88%ec%9d%b4-%ec%9e%87%ec%97%87%ec%8a%a8-%ec%98%ac%ed%95%b4%eb%a5%bc-%eb%92%a4%ed%9d%94%eb%93%a0-%eb%b0%88-%ec%b4%9d/,2026-07-09T15:19:51+09:00
2025%eb%85%84%ec%97%94-%ec%95%84%ec%a3%bc-%eb%a7%8e%ec%9d%80-%eb%b0%88%ec%9d%b4-_3,2025%eb%85%84%ec%97%94-%ec%95%84%ec%a3%bc-%eb%a7%8e%ec%9d%80-%eb%b0%88%ec%9d%b4-,더 많이 쓰인 감탄사는,phrase,h2,3,2025-12-17,SNS|밈|바이럴,3,https://gogumafarm.kr/2025%eb%85%84%ec%97%94-%ec%95%84%ec%a3%bc-%eb%a7%8e%ec%9d%80-%eb%b0%88%ec%9d%b4-%ec%9e%87%ec%97%87%ec%8a%a8-%ec%98%ac%ed%95%b4%eb%a5%bc-%eb%92%a4%ed%9d%94%eb%93%a0-%eb%b0%88-%ec%b4%9d/,2026-07-09T15:19:51+09:00
2025%eb%85%84%ec%97%94-%ec%95%84%ec%a3%bc-%eb%a7%8e%ec%9d%80-%eb%b0%88%ec%9d%b4-_4,2025%eb%85%84%ec%97%94-%ec%95%84%ec%a3%bc-%eb%a7%8e%ec%9d%80-%eb%b0%88%ec%9d%b4-,내 알고리즘을 도배한 릴스는,phrase,h2,4,2025-12-17,SNS|밈|바이럴,3,https://gogumafarm.kr/2025%eb%85%84%ec%97%94-%ec%95%84%ec%a3%bc-%eb%a7%8e%ec%9d%80-%eb%b0%88%ec%9d%b4-%ec%9e%87%ec%97%87%ec%8a%a8-%ec%98%ac%ed%95%b4%eb%a5%bc-%eb%92%a4%ed%9d%94%eb%93%a0-%eb%b0%88-%ec%b4%9d/,2026-07-09T15:19:51+09:00
2025%eb%85%84%ec%97%94-%ec%95%84%ec%a3%bc-%eb%a7%8e%ec%9d%80-%eb%b0%88%ec%9d%b4-_5,2025%eb%85%84%ec%97%94-%ec%95%84%ec%a3%bc-%eb%a7%8e%ec%9d%80-%eb%b0%88%ec%9d%b4-,링딩동의 뒤를 이를 수능 금지곡은,phrase,h2,5,2025-12-17,SNS|밈|바이럴,3,https://gogumafarm.kr/2025%eb%85%84%ec%97%94-%ec%95%84%ec%a3%bc-%eb%a7%8e%ec%9d%80-%eb%b0%88%ec%9d%b4-%ec%9e%87%ec%97%87%ec%8a%a8-%ec%98%ac%ed%95%b4%eb%a5%bc-%eb%92%a4%ed%9d%94%eb%93%a0-%eb%b0%88-%ec%b4%9d/,2026-07-09T15:19:51+09:00
2025%eb%85%84%ec%97%94-%ec%95%84%ec%a3%bc-%eb%a7%8e%ec%9d%80-%eb%b0%88%ec%9d%b4-_6,2025%eb%85%84%ec%97%94-%ec%95%84%ec%a3%bc-%eb%a7%8e%ec%9d%80-%eb%b0%88%ec%9d%b4-,"그래서, 2025년 최고의 밈은",phrase,h2,6,2025-12-17,SNS|밈|바이럴,3,https://gogumafarm.kr/2025%eb%85%84%ec%97%94-%ec%95%84%ec%a3%bc-%eb%a7%8e%ec%9d%80-%eb%b0%88%ec%9d%b4-%ec%9e%87%ec%97%87%ec%8a%a8-%ec%98%ac%ed%95%b4%eb%a5%bc-%eb%92%a4%ed%9d%94%eb%93%a0-%eb%b0%88-%ec%b4%9d/,2026-07-09T15:19:51+09:00
%ec%9a%94%ec%a6%98-%ec%9c%a0%ed%96%89%ed%95%98%eb%8a%94-%eb%b0%88%ec%9d%b4-%ea%b_1,%ec%9a%94%ec%a6%98-%ec%9c%a0%ed%96%89%ed%95%98%eb%8a%94-%eb%b0%88%ec%9d%b4-%ea%b,매끈매끈하다 매끈매끈한 💃,phrase,h2,1,2025-12-01,SNS|밈|바이럴,3,https://gogumafarm.kr/%ec%9a%94%ec%a6%98-%ec%9c%a0%ed%96%89%ed%95%98%eb%8a%94-%eb%b0%88%ec%9d%b4-%ea%b0%80%eb%93%9d%ea%b0%80%eb%93%9d%ed%95%98%eb%8b%a4-uh-%ea%b0%80%eb%93%9d%ea%b0%80%eb%93%9d%ed%95%9c-2025%eb%85%84-11/,2026-07-09T15:19:51+09:00
%ec%9a%94%ec%a6%98-%ec%9c%a0%ed%96%89%ed%95%98%eb%8a%94-%eb%b0%88%ec%9d%b4-%ea%b_2,%ec%9a%94%ec%a6%98-%ec%9c%a0%ed%96%89%ed%95%98%eb%8a%94-%eb%b0%88%ec%9d%b4-%ea%b,💡 어디서 시작됐나요,phrase,h3,2,2025-12-01,SNS|밈|바이럴,3,https://gogumafarm.kr/%ec%9a%94%ec%a6%98-%ec%9c%a0%ed%96%89%ed%95%98%eb%8a%94-%eb%b0%88%ec%9d%b4-%ea%b0%80%eb%93%9d%ea%b0%80%eb%93%9d%ed%95%98%eb%8b%a4-uh-%ea%b0%80%eb%93%9d%ea%b0%80%eb%93%9d%ed%95%9c-2025%eb%85%84-11/,2026-07-09T15:19:51+09:00
%ec%9a%94%ec%a6%98-%ec%9c%a0%ed%96%89%ed%95%98%eb%8a%94-%eb%b0%88%ec%9d%b4-%ea%b_3,%ec%9a%94%ec%a6%98-%ec%9c%a0%ed%96%89%ed%95%98%eb%8a%94-%eb%b0%88%ec%9d%b4-%ea%b,🔄 어떻게 쓰이고 있나요,phrase,h3,3,2025-12-01,SNS|밈|바이럴,3,https://gogumafarm.kr/%ec%9a%94%ec%a6%98-%ec%9c%a0%ed%96%89%ed%95%98%eb%8a%94-%eb%b0%88%ec%9d%b4-%ea%b0%80%eb%93%9d%ea%b0%80%eb%93%9d%ed%95%98%eb%8b%a4-uh-%ea%b0%80%eb%93%9d%ea%b0%80%eb%93%9d%ed%95%9c-2025%eb%85%84-11/,2026-07-09T15:19:51+09:00
%ec%9a%94%ec%a6%98-%ec%9c%a0%ed%96%89%ed%95%98%eb%8a%94-%eb%b0%88%ec%9d%b4-%ea%b_4,%ec%9a%94%ec%a6%98-%ec%9c%a0%ed%96%89%ed%95%98%eb%8a%94-%eb%b0%88%ec%9d%b4-%ea%b,띄어쓰기를하지않는이유는 💕,phrase,h2,4,2025-12-01,SNS|밈|바이럴,3,https://gogumafarm.kr/%ec%9a%94%ec%a6%98-%ec%9c%a0%ed%96%89%ed%95%98%eb%8a%94-%eb%b0%88%ec%9d%b4-%ea%b0%80%eb%93%9d%ea%b0%80%eb%93%9d%ed%95%98%eb%8b%a4-uh-%ea%b0%80%eb%93%9d%ea%b0%80%eb%93%9d%ed%95%9c-2025%eb%85%84-11/,2026-07-09T15:19:51+09:00
%ec%9a%94%ec%a6%98-%ec%9c%a0%ed%96%89%ed%95%98%eb%8a%94-%eb%b0%88%ec%9d%b4-%ea%b_5,%ec%9a%94%ec%a6%98-%ec%9c%a0%ed%96%89%ed%95%98%eb%8a%94-%eb%b0%88%ec%9d%b4-%ea%b,그건 절대 안 되는 일이얌..!! 🙀,phrase,h2,5,2025-12-01,SNS|밈|바이럴,3,https://gogumafarm.kr/%ec%9a%94%ec%a6%98-%ec%9c%a0%ed%96%89%ed%95%98%eb%8a%94-%eb%b0%88%ec%9d%b4-%ea%b0%80%eb%93%9d%ea%b0%80%eb%93%9d%ed%95%98%eb%8b%a4-uh-%ea%b0%80%eb%93%9d%ea%b0%80%eb%93%9d%ed%95%9c-2025%eb%85%84-11/,2026-07-09T15:19:51+09:00
%ec%9a%94%ec%a6%98-%ec%9c%a0%ed%96%89%ed%95%98%eb%8a%94-%eb%b0%88%ec%9d%b4-%ea%b_6,%ec%9a%94%ec%a6%98-%ec%9c%a0%ed%96%89%ed%95%98%eb%8a%94-%eb%b0%88%ec%9d%b4-%ea%b,전액 현금으로 매입 💵,phrase,h2,6,2025-12-01,SNS|밈|바이럴,3,https://gogumafarm.kr/%ec%9a%94%ec%a6%98-%ec%9c%a0%ed%96%89%ed%95%98%eb%8a%94-%eb%b0%88%ec%9d%b4-%ea%b0%80%eb%93%9d%ea%b0%80%eb%93%9d%ed%95%98%eb%8b%a4-uh-%ea%b0%80%eb%93%9d%ea%b0%80%eb%93%9d%ed%95%9c-2025%eb%85%84-11/,2026-07-09T15:19:51+09:00
%ec%9a%94%ec%a6%98-%ec%9c%a0%ed%96%89%ed%95%98%eb%8a%94-%eb%b0%88%ec%9d%b4-%ea%b_7,%ec%9a%94%ec%a6%98-%ec%9c%a0%ed%96%89%ed%95%98%eb%8a%94-%eb%b0%88%ec%9d%b4-%ea%b,구글맵 여행 인증샷 📍,phrase,h2,7,2025-12-01,SNS|밈|바이럴,3,https://gogumafarm.kr/%ec%9a%94%ec%a6%98-%ec%9c%a0%ed%96%89%ed%95%98%eb%8a%94-%eb%b0%88%ec%9d%b4-%ea%b0%80%eb%93%9d%ea%b0%80%eb%93%9d%ed%95%98%eb%8b%a4-uh-%ea%b0%80%eb%93%9d%ea%b0%80%eb%93%9d%ed%95%9c-2025%eb%85%84-11/,2026-07-09T15:19:51+09:00
ai-%ec%82%bf%ed%8f%ac%eb%a1%9c%ec%83%b7%eb%b6%80%ed%84%b0-%ea%b3%a0%eb%ac%b4%ec%_1,ai-%ec%82%bf%ed%8f%ac%eb%a1%9c%ec%83%b7%eb%b6%80%ed%84%b0-%ea%b3%a0%eb%ac%b4%ec%,갑차기스러운데 💦,keyword,h2,1,2025-11-04,Z세대|밈|바이럴,3,https://gogumafarm.kr/ai-%ec%82%bf%ed%8f%ac%eb%a1%9c%ec%83%b7%eb%b6%80%ed%84%b0-%ea%b3%a0%eb%ac%b4%ec%a7%9c%ea%b8%b0%ea%b9%8c%ec%a7%80-%ec%a7%80%ea%b8%88-%ec%95%88-%eb%b3%b4%eb%a9%b4-%eb%8a%a6%eb%8a%94-2025%eb%85%84-10/,2026-07-09T15:19:51+09:00
ai-%ec%82%bf%ed%8f%ac%eb%a1%9c%ec%83%b7%eb%b6%80%ed%84%b0-%ea%b3%a0%eb%ac%b4%ec%_2,ai-%ec%82%bf%ed%8f%ac%eb%a1%9c%ec%83%b7%eb%b6%80%ed%84%b0-%ea%b3%a0%eb%ac%b4%ec%,밤티난다 🌰,keyword,h2,2,2025-11-04,Z세대|밈|바이럴,3,https://gogumafarm.kr/ai-%ec%82%bf%ed%8f%ac%eb%a1%9c%ec%83%b7%eb%b6%80%ed%84%b0-%ea%b3%a0%eb%ac%b4%ec%a7%9c%ea%b8%b0%ea%b9%8c%ec%a7%80-%ec%a7%80%ea%b8%88-%ec%95%88-%eb%b3%b4%eb%a9%b4-%eb%8a%a6%eb%8a%94-2025%eb%85%84-10/,2026-07-09T15:19:51+09:00
ai-%ec%82%bf%ed%8f%ac%eb%a1%9c%ec%83%b7%eb%b6%80%ed%84%b0-%ea%b3%a0%eb%ac%b4%ec%_3,ai-%ec%82%bf%ed%8f%ac%eb%a1%9c%ec%83%b7%eb%b6%80%ed%84%b0-%ea%b3%a0%eb%ac%b4%ec%,가정용 OOO 😍,mixed,h2,3,2025-11-04,Z세대|밈|바이럴,3,https://gogumafarm.kr/ai-%ec%82%bf%ed%8f%ac%eb%a1%9c%ec%83%b7%eb%b6%80%ed%84%b0-%ea%b3%a0%eb%ac%b4%ec%a7%9c%ea%b8%b0%ea%b9%8c%ec%a7%80-%ec%a7%80%ea%b8%88-%ec%95%88-%eb%b3%b4%eb%a9%b4-%eb%8a%a6%eb%8a%94-2025%eb%85%84-10/,2026-07-09T15:19:51+09:00
ai-%ec%82%bf%ed%8f%ac%eb%a1%9c%ec%83%b7%eb%b6%80%ed%84%b0-%ea%b3%a0%eb%ac%b4%ec%_4,ai-%ec%82%bf%ed%8f%ac%eb%a1%9c%ec%83%b7%eb%b6%80%ed%84%b0-%ea%b3%a0%eb%ac%b4%ec%,(헤더) 해결했습니다 😜,phrase,h2,4,2025-11-04,Z세대|밈|바이럴,3,https://gogumafarm.kr/ai-%ec%82%bf%ed%8f%ac%eb%a1%9c%ec%83%b7%eb%b6%80%ed%84%b0-%ea%b3%a0%eb%ac%b4%ec%a7%9c%ea%b8%b0%ea%b9%8c%ec%a7%80-%ec%a7%80%ea%b8%88-%ec%95%88-%eb%b3%b4%eb%a9%b4-%eb%8a%a6%eb%8a%94-2025%eb%85%84-10/,2026-07-09T15:19:51+09:00
ai-%ec%82%bf%ed%8f%ac%eb%a1%9c%ec%83%b7%eb%b6%80%ed%84%b0-%ea%b3%a0%eb%ac%b4%ec%_5,ai-%ec%82%bf%ed%8f%ac%eb%a1%9c%ec%83%b7%eb%b6%80%ed%84%b0-%ea%b3%a0%eb%ac%b4%ec%,고무짜기 ASMR 🌳,phrase,h2,5,2025-11-04,Z세대|밈|바이럴,3,https://gogumafarm.kr/ai-%ec%82%bf%ed%8f%ac%eb%a1%9c%ec%83%b7%eb%b6%80%ed%84%b0-%ea%b3%a0%eb%ac%b4%ec%a7%9c%ea%b8%b0%ea%b9%8c%ec%a7%80-%ec%a7%80%ea%b8%88-%ec%95%88-%eb%b3%b4%eb%a9%b4-%eb%8a%a6%eb%8a%94-2025%eb%85%84-10/,2026-07-09T15:19:51+09:00
ai-%ec%82%bf%ed%8f%ac%eb%a1%9c%ec%83%b7%eb%b6%80%ed%84%b0-%ea%b3%a0%eb%ac%b4%ec%_6,ai-%ec%82%bf%ed%8f%ac%eb%a1%9c%ec%83%b7%eb%b6%80%ed%84%b0-%ea%b3%a0%eb%ac%b4%ec%,AI 필터 눈 내리는 밤 ❄,phrase,h2,6,2025-11-04,Z세대|밈|바이럴,3,https://gogumafarm.kr/ai-%ec%82%bf%ed%8f%ac%eb%a1%9c%ec%83%b7%eb%b6%80%ed%84%b0-%ea%b3%a0%eb%ac%b4%ec%a7%9c%ea%b8%b0%ea%b9%8c%ec%a7%80-%ec%a7%80%ea%b8%88-%ec%95%88-%eb%b3%b4%eb%a9%b4-%eb%8a%a6%eb%8a%94-2025%eb%85%84-10/,2026-07-09T15:19:51+09:00
%ea%b7%80%ed%95%98%ea%b2%8c-%ec%9e%90%eb%9e%80-%eb%82%b4%ea%b0%80-%ec%9c%a0%ed%9_1,%ea%b7%80%ed%95%98%ea%b2%8c-%ec%9e%90%eb%9e%80-%eb%82%b4%ea%b0%80-%ec%9c%a0%ed%9,🗯️나게임중인데전화걸면어떠괘,phrase,h2,1,2025-10-01,SNS|밈,3,https://gogumafarm.kr/%ea%b7%80%ed%95%98%ea%b2%8c-%ec%9e%90%eb%9e%80-%eb%82%b4%ea%b0%80-%ec%9c%a0%ed%96%89%ed%95%98%eb%8a%94-%eb%b0%88%ec%9d%80-%ec%95%8c%ec%95%84%ec%95%bc-%ed%95%98%ec%a7%80-%ec%95%8a%ec%9d%84%ea%b9%8c-202/,2026-07-09T15:19:51+09:00
%ea%b7%80%ed%95%98%ea%b2%8c-%ec%9e%90%eb%9e%80-%eb%82%b4%ea%b0%80-%ec%9c%a0%ed%9_2,%ea%b7%80%ed%95%98%ea%b2%8c-%ec%9e%90%eb%9e%80-%eb%82%b4%ea%b0%80-%ec%9c%a0%ed%9,💢 화가 머리 끝까지 나네 / 화: 120,phrase,h2,2,2025-10-01,SNS|밈,3,https://gogumafarm.kr/%ea%b7%80%ed%95%98%ea%b2%8c-%ec%9e%90%eb%9e%80-%eb%82%b4%ea%b0%80-%ec%9c%a0%ed%96%89%ed%95%98%eb%8a%94-%eb%b0%88%ec%9d%80-%ec%95%8c%ec%95%84%ec%95%bc-%ed%95%98%ec%a7%80-%ec%95%8a%ec%9d%84%ea%b9%8c-202/,2026-07-09T15:19:51+09:00
%ea%b7%80%ed%95%98%ea%b2%8c-%ec%9e%90%eb%9e%80-%eb%82%b4%ea%b0%80-%ec%9c%a0%ed%9_3,%ea%b7%80%ed%95%98%ea%b2%8c-%ec%9e%90%eb%9e%80-%eb%82%b4%ea%b0%80-%ec%9c%a0%ed%9,🙈 귀하게 자란 내가 이런 걸 봐도 될까,phrase,h2,3,2025-10-01,SNS|밈,3,https://gogumafarm.kr/%ea%b7%80%ed%95%98%ea%b2%8c-%ec%9e%90%eb%9e%80-%eb%82%b4%ea%b0%80-%ec%9c%a0%ed%96%89%ed%95%98%eb%8a%94-%eb%b0%88%ec%9d%80-%ec%95%8c%ec%95%84%ec%95%bc-%ed%95%98%ec%a7%80-%ec%95%8a%ec%9d%84%ea%b9%8c-202/,2026-07-09T15:19:51+09:00
%ea%b7%80%ed%95%98%ea%b2%8c-%ec%9e%90%eb%9e%80-%eb%82%b4%ea%b0%80-%ec%9c%a0%ed%9_4,%ea%b7%80%ed%95%98%ea%b2%8c-%ec%9e%90%eb%9e%80-%eb%82%b4%ea%b0%80-%ec%9c%a0%ed%9,☝️놉놉. 안됀는것은안돼는것,phrase,h2,4,2025-10-01,SNS|밈,3,https://gogumafarm.kr/%ea%b7%80%ed%95%98%ea%b2%8c-%ec%9e%90%eb%9e%80-%eb%82%b4%ea%b0%80-%ec%9c%a0%ed%96%89%ed%95%98%eb%8a%94-%eb%b0%88%ec%9d%80-%ec%95%8c%ec%95%84%ec%95%bc-%ed%95%98%ec%a7%80-%ec%95%8a%ec%9d%84%ea%b9%8c-202/,2026-07-09T15:19:51+09:00
%ea%b7%80%ed%95%98%ea%b2%8c-%ec%9e%90%eb%9e%80-%eb%82%b4%ea%b0%80-%ec%9c%a0%ed%9_5,%ea%b7%80%ed%95%98%ea%b2%8c-%ec%9e%90%eb%9e%80-%eb%82%b4%ea%b0%80-%ec%9c%a0%ed%9,😾 내가 그걸 모를까,phrase,h2,5,2025-10-01,SNS|밈,3,https://gogumafarm.kr/%ea%b7%80%ed%95%98%ea%b2%8c-%ec%9e%90%eb%9e%80-%eb%82%b4%ea%b0%80-%ec%9c%a0%ed%96%89%ed%95%98%eb%8a%94-%eb%b0%88%ec%9d%80-%ec%95%8c%ec%95%84%ec%95%bc-%ed%95%98%ec%a7%80-%ec%95%8a%ec%9d%84%ea%b9%8c-202/,2026-07-09T15:19:51+09:00
%ea%b0%88%ed%85%8c%ec%95%bc-%ea%b0%88%ed%85%8c%ec%95%bc-%ec%9a%94%ec%a6%98-%eb%9_1,%ea%b0%88%ed%85%8c%ec%95%bc-%ea%b0%88%ed%85%8c%ec%95%bc-%ec%9a%94%ec%a6%98-%eb%9,🐱 사고방식을 바꾸세요,phrase,h2,1,2025-09-05,SNS|밈,3,https://gogumafarm.kr/%ea%b0%88%ed%85%8c%ec%95%bc-%ea%b0%88%ed%85%8c%ec%95%bc-%ec%9a%94%ec%a6%98-%eb%9c%a8%eb%8a%94-%eb%b0%88-%eb%b3%b4%eb%9f%ac-%ea%b0%88%ed%85%8c%ec%95%bc-2025%eb%85%84-8%ec%9b%94-%ec%b5%9c%ec%8b%a0/,2026-07-09T15:19:51+09:00
%ea%b0%88%ed%85%8c%ec%95%bc-%ea%b0%88%ed%85%8c%ec%95%bc-%ec%9a%94%ec%a6%98-%eb%9_2,%ea%b0%88%ed%85%8c%ec%95%bc-%ea%b0%88%ed%85%8c%ec%95%bc-%ec%9a%94%ec%a6%98-%eb%9,🏃 갈테야 갈테야 OO(으)로 갈테야,phrase,h2,2,2025-09-05,SNS|밈,3,https://gogumafarm.kr/%ea%b0%88%ed%85%8c%ec%95%bc-%ea%b0%88%ed%85%8c%ec%95%bc-%ec%9a%94%ec%a6%98-%eb%9c%a8%eb%8a%94-%eb%b0%88-%eb%b3%b4%eb%9f%ac-%ea%b0%88%ed%85%8c%ec%95%bc-2025%eb%85%84-8%ec%9b%94-%ec%b5%9c%ec%8b%a0/,2026-07-09T15:19:51+09:00
%ea%b0%88%ed%85%8c%ec%95%bc-%ea%b0%88%ed%85%8c%ec%95%bc-%ec%9a%94%ec%a6%98-%eb%9_3,%ea%b0%88%ed%85%8c%ec%95%bc-%ea%b0%88%ed%85%8c%ec%95%bc-%ec%9a%94%ec%a6%98-%eb%9,🙉 와~ 나도 OO 좋아했었어,phrase,h2,3,2025-09-05,SNS|밈,3,https://gogumafarm.kr/%ea%b0%88%ed%85%8c%ec%95%bc-%ea%b0%88%ed%85%8c%ec%95%bc-%ec%9a%94%ec%a6%98-%eb%9c%a8%eb%8a%94-%eb%b0%88-%eb%b3%b4%eb%9f%ac-%ea%b0%88%ed%85%8c%ec%95%bc-2025%eb%85%84-8%ec%9b%94-%ec%b5%9c%ec%8b%a0/,2026-07-09T15:19:51+09:00
%ea%b0%88%ed%85%8c%ec%95%bc-%ea%b0%88%ed%85%8c%ec%95%bc-%ec%9a%94%ec%a6%98-%eb%9_4,%ea%b0%88%ed%85%8c%ec%95%bc-%ea%b0%88%ed%85%8c%ec%95%bc-%ec%9a%94%ec%a6%98-%eb%9,😤 내 인생 뺏어가서 당연하다는 듯 살지 마,phrase,h2,4,2025-09-05,SNS|밈,3,https://gogumafarm.kr/%ea%b0%88%ed%85%8c%ec%95%bc-%ea%b0%88%ed%85%8c%ec%95%bc-%ec%9a%94%ec%a6%98-%eb%9c%a8%eb%8a%94-%eb%b0%88-%eb%b3%b4%eb%9f%ac-%ea%b0%88%ed%85%8c%ec%95%bc-2025%eb%85%84-8%ec%9b%94-%ec%b5%9c%ec%8b%a0/,2026-07-09T15:19:51+09:00
%ea%b0%88%ed%85%8c%ec%95%bc-%ea%b0%88%ed%85%8c%ec%95%bc-%ec%9a%94%ec%a6%98-%eb%9_5,%ea%b0%88%ed%85%8c%ec%95%bc-%ea%b0%88%ed%85%8c%ec%95%bc-%ec%9a%94%ec%a6%98-%eb%9,🌟 오하아사 1위,keyword,h2,5,2025-09-05,SNS|밈,3,https://gogumafarm.kr/%ea%b0%88%ed%85%8c%ec%95%bc-%ea%b0%88%ed%85%8c%ec%95%bc-%ec%9a%94%ec%a6%98-%eb%9c%a8%eb%8a%94-%eb%b0%88-%eb%b3%b4%eb%9f%ac-%ea%b0%88%ed%85%8c%ec%95%bc-2025%eb%85%84-8%ec%9b%94-%ec%b5%9c%ec%8b%a0/,2026-07-09T15:19:51+09:00
%ea%b0%88%ed%85%8c%ec%95%bc-%ea%b0%88%ed%85%8c%ec%95%bc-%ec%9a%94%ec%a6%98-%eb%9_6,%ea%b0%88%ed%85%8c%ec%95%bc-%ea%b0%88%ed%85%8c%ec%95%bc-%ec%9a%94%ec%a6%98-%eb%9,💸 마음 울적한 날엔,phrase,h2,6,2025-09-05,SNS|밈,3,https://gogumafarm.kr/%ea%b0%88%ed%85%8c%ec%95%bc-%ea%b0%88%ed%85%8c%ec%95%bc-%ec%9a%94%ec%a6%98-%eb%9c%a8%eb%8a%94-%eb%b0%88-%eb%b3%b4%eb%9f%ac-%ea%b0%88%ed%85%8c%ec%95%bc-2025%eb%85%84-8%ec%9b%94-%ec%b5%9c%ec%8b%a0/,2026-07-09T15:19:51+09:00
%ec%bd%9c%eb%93%9c%ed%94%8c%eb%a0%88%ec%9d%b4%ea%b0%80-%eb%a7%8c%eb%93%a0-%ec%98_1,%ec%bd%9c%eb%93%9c%ed%94%8c%eb%a0%88%ec%9d%b4%ea%b0%80-%eb%a7%8c%eb%93%a0-%ec%98,핫하다 못해 매운 요즘 밈 🥵,phrase,h3,1,2025-07-28,밈|챌린지|해외,3,https://gogumafarm.kr/%ec%bd%9c%eb%93%9c%ed%94%8c%eb%a0%88%ec%9d%b4%ea%b0%80-%eb%a7%8c%eb%93%a0-%ec%98%ac%ed%95%b4-%ea%b0%80%ec%9e%a5-%ed%95%ab%ed%95%9c-%eb%b0%88-%eb%b8%8c%eb%9e%9c%eb%93%9c%eb%8f%84-%eb%9b%b0%ec%96%b4/,2026-07-09T15:19:51+09:00
%ec%bd%9c%eb%93%9c%ed%94%8c%eb%a0%88%ec%9d%b4%ea%b0%80-%eb%a7%8c%eb%93%a0-%ec%98_2,%ec%bd%9c%eb%93%9c%ed%94%8c%eb%a0%88%ec%9d%b4%ea%b0%80-%eb%a7%8c%eb%93%a0-%ec%98,🚗 너는 부가티인데 나는 왜 자전거,phrase,h3,2,2025-07-28,밈|챌린지|해외,3,https://gogumafarm.kr/%ec%bd%9c%eb%93%9c%ed%94%8c%eb%a0%88%ec%9d%b4%ea%b0%80-%eb%a7%8c%eb%93%a0-%ec%98%ac%ed%95%b4-%ea%b0%80%ec%9e%a5-%ed%95%ab%ed%95%9c-%eb%b0%88-%eb%b8%8c%eb%9e%9c%eb%93%9c%eb%8f%84-%eb%9b%b0%ec%96%b4/,2026-07-09T15:19:51+09:00
%ec%bd%9c%eb%93%9c%ed%94%8c%eb%a0%88%ec%9d%b4%ea%b0%80-%eb%a7%8c%eb%93%a0-%ec%98_3,%ec%bd%9c%eb%93%9c%ed%94%8c%eb%a0%88%ec%9d%b4%ea%b0%80-%eb%a7%8c%eb%93%a0-%ec%98,👠 점점 기상천외 해지는 니키 미나즈 포즈,phrase,h3,3,2025-07-28,밈|챌린지|해외,3,https://gogumafarm.kr/%ec%bd%9c%eb%93%9c%ed%94%8c%eb%a0%88%ec%9d%b4%ea%b0%80-%eb%a7%8c%eb%93%a0-%ec%98%ac%ed%95%b4-%ea%b0%80%ec%9e%a5-%ed%95%ab%ed%95%9c-%eb%b0%88-%eb%b8%8c%eb%9e%9c%eb%93%9c%eb%8f%84-%eb%9b%b0%ec%96%b4/,2026-07-09T15:19:51+09:00
%ec%9d%b4%ea%b1%b4-%ec%b2%ab-%eb%b2%88%ec%a7%b8-%eb%a0%88%ec%8a%a8-%ec%9a%94%ec%_1,%ec%9d%b4%ea%b1%b4-%ec%b2%ab-%eb%b2%88%ec%a7%b8-%eb%a0%88%ec%8a%a8-%ec%9a%94%ec%,김카이 너 밈 재능있어. 계속해,phrase,h3,1,2025-07-17,SNS|밈|바이럴,3,https://gogumafarm.kr/%ec%9d%b4%ea%b1%b4-%ec%b2%ab-%eb%b2%88%ec%a7%b8-%eb%a0%88%ec%8a%a8-%ec%9a%94%ec%a6%98-%ec%9c%a0%ed%96%89%ed%95%98%eb%8a%94-%eb%b0%88%ec%9d%80-%ec%95%8c%ea%b3%a0-%ea%b0%80%ea%b8%b0-2025%eb%85%84-7/,2026-07-09T15:19:51+09:00
x%ed%8a%b8%ec%9c%84%ed%84%b0%ec%97%90%ec%84%9c-%eb%82%9c%eb%a6%ac-%eb%82%9c-%eb%_1,x%ed%8a%b8%ec%9c%84%ed%84%b0%ec%97%90%ec%84%9c-%eb%82%9c%eb%a6%ac-%eb%82%9c-%eb%,인기 이유는,keyword,h4,1,2025-03-10,X(트위터)|Z세대|밈|트렌드,3,https://gogumafarm.kr/x%ed%8a%b8%ec%9c%84%ed%84%b0%ec%97%90%ec%84%9c-%eb%82%9c%eb%a6%ac-%eb%82%9c-%eb%b0%88-%eb%82%89%ec%97%ac%ec%98%a4%ea%b1%b0%eb%9d%bc-%ec%b5%9c%ec%8b%a0-%eb%b0%88%eb%b6%80%ed%84%b0-%ed%8a%b8%eb%a0%8c/,2026-07-09T15:19:51+09:00
%ec%9d%b8%ec%8a%a4%ed%83%80-%ec%95%8c%ea%b3%a0%eb%a6%ac%ec%a6%98%ec%9d%84-%ec%a0_1,%ec%9d%b8%ec%8a%a4%ed%83%80-%ec%95%8c%ea%b3%a0%eb%a6%ac%ec%a6%98%ec%9d%84-%ec%a0,Chill고리즘 때문에 미Chill 것 같아,phrase,h3,1,2025-01-24,SNS|밈|바이럴,3,https://gogumafarm.kr/%ec%9d%b8%ec%8a%a4%ed%83%80-%ec%95%8c%ea%b3%a0%eb%a6%ac%ec%a6%98%ec%9d%84-%ec%a0%95%eb%b3%b5%ed%95%9c-%ea%b0%95%ec%95%84%ec%a7%80-%ec%ba%90%eb%a6%ad%ed%84%b0%ec%9d%98-%ec%a0%95%ec%b2%b4-%ec%b9%a0/,2026-07-09T15:19:51+09:00
%ec%9d%b8%ec%8a%a4%ed%83%80-%ec%95%8c%ea%b3%a0%eb%a6%ac%ec%a6%98%ec%9d%84-%ec%a0_2,%ec%9d%b8%ec%8a%a4%ed%83%80-%ec%95%8c%ea%b3%a0%eb%a6%ac%ec%a6%98%ec%9d%84-%ec%a0,"🐶 이 캐릭터, 도대체 어디서 온 거야",phrase,h3,2,2025-01-24,SNS|밈|바이럴,3,https://gogumafarm.kr/%ec%9d%b8%ec%8a%a4%ed%83%80-%ec%95%8c%ea%b3%a0%eb%a6%ac%ec%a6%98%ec%9d%84-%ec%a0%95%eb%b3%b5%ed%95%9c-%ea%b0%95%ec%95%84%ec%a7%80-%ec%ba%90%eb%a6%ad%ed%84%b0%ec%9d%98-%ec%a0%95%ec%b2%b4-%ec%b9%a0/,2026-07-09T15:19:51+09:00
%ec%9d%b8%ec%8a%a4%ed%83%80-%ec%95%8c%ea%b3%a0%eb%a6%ac%ec%a6%98%ec%9d%84-%ec%a0_3,%ec%9d%b8%ec%8a%a4%ed%83%80-%ec%95%8c%ea%b3%a0%eb%a6%ac%ec%a6%98%ec%9d%84-%ec%a0,🤔 왜 이렇게 떴을까,phrase,h3,3,2025-01-24,SNS|밈|바이럴,3,https://gogumafarm.kr/%ec%9d%b8%ec%8a%a4%ed%83%80-%ec%95%8c%ea%b3%a0%eb%a6%ac%ec%a6%98%ec%9d%84-%ec%a0%95%eb%b3%b5%ed%95%9c-%ea%b0%95%ec%95%84%ec%a7%80-%ec%ba%90%eb%a6%ad%ed%84%b0%ec%9d%98-%ec%a0%95%ec%b2%b4-%ec%b9%a0/,2026-07-09T15:19:51+09:00
%ec%9d%b8%ec%8a%a4%ed%83%80-%ec%95%8c%ea%b3%a0%eb%a6%ac%ec%a6%98%ec%9d%84-%ec%a0_4,%ec%9d%b8%ec%8a%a4%ed%83%80-%ec%95%8c%ea%b3%a0%eb%a6%ac%ec%a6%98%ec%9d%84-%ec%a0,👀 어떻게 활용되고 있냐면,phrase,h3,4,2025-01-24,SNS|밈|바이럴,3,https://gogumafarm.kr/%ec%9d%b8%ec%8a%a4%ed%83%80-%ec%95%8c%ea%b3%a0%eb%a6%ac%ec%a6%98%ec%9d%84-%ec%a0%95%eb%b3%b5%ed%95%9c-%ea%b0%95%ec%95%84%ec%a7%80-%ec%ba%90%eb%a6%ad%ed%84%b0%ec%9d%98-%ec%a0%95%ec%b2%b4-%ec%b9%a0/,2026-07-09T15:19:51+09:00
%ec%9d%b8%ec%8a%a4%ed%83%80-%ec%95%8c%ea%b3%a0%eb%a6%ac%ec%a6%98%ec%9d%84-%ec%a0_5,%ec%9d%b8%ec%8a%a4%ed%83%80-%ec%95%8c%ea%b3%a0%eb%a6%ac%ec%a6%98%ec%9d%84-%ec%a0,💡 어떻게 쓰면 되는데,phrase,h3,5,2025-01-24,SNS|밈|바이럴,3,https://gogumafarm.kr/%ec%9d%b8%ec%8a%a4%ed%83%80-%ec%95%8c%ea%b3%a0%eb%a6%ac%ec%a6%98%ec%9d%84-%ec%a0%95%eb%b3%b5%ed%95%9c-%ea%b0%95%ec%95%84%ec%a7%80-%ec%ba%90%eb%a6%ad%ed%84%b0%ec%9d%98-%ec%a0%95%ec%b2%b4-%ec%b9%a0/,2026-07-09T15:19:51+09:00
%ed%95%b4%ec%99%b8-%eb%b0%88%ec%9d%b8-%ec%a4%84-%ec%95%8c%ec%95%98%eb%8d%98-%ed%_1,%ed%95%b4%ec%99%b8-%eb%b0%88%ec%9d%b8-%ec%a4%84-%ec%95%8c%ec%95%98%eb%8d%98-%ed%,🍻 댄스 참참참 챌린지,phrase,h3,1,2024-12-16,밈|숏폼|챌린지,3,https://gogumafarm.kr/%ed%95%b4%ec%99%b8-%eb%b0%88%ec%9d%b8-%ec%a4%84-%ec%95%8c%ec%95%98%eb%8d%98-%ed%80%b8-%eb%84%a4%eb%b2%84-%ed%81%ac%eb%9d%bc%ec%9d%b4%eb%b6%80%ed%84%b0-%ec%b5%9c%ec%8b%a0-%eb%8c%84%ec%8a%a4/,2026-07-09T15:19:51+09:00
%eb%b0%88-%eb%b0%94%eb%9e%98-%eb%8b%a4-%ec%a4%84%ea%b2%8c-2024%eb%85%84-%eb%b0%8_1,%eb%b0%88-%eb%b0%94%eb%9e%98-%eb%8b%a4-%ec%a4%84%ea%b2%8c-2024%eb%85%84-%eb%b0%8,이렇게 사용할 수 있어요,phrase,h4,1,2024-12-11,Z세대|밈|바이럴,3,https://gogumafarm.kr/%eb%b0%88-%eb%b0%94%eb%9e%98-%eb%8b%a4-%ec%a4%84%ea%b2%8c-2024%eb%85%84-%eb%b0%88-%ec%b4%9d%ea%b2%b0%ec%82%b0/,2026-07-09T15:19:51+09:00
%eb%b0%88-%eb%b0%94%eb%9e%98-%eb%8b%a4-%ec%a4%84%ea%b2%8c-2024%eb%85%84-%eb%b0%8_2,%eb%b0%88-%eb%b0%94%eb%9e%98-%eb%8b%a4-%ec%a4%84%ea%b2%8c-2024%eb%85%84-%eb%b0%8,이븐하게 익지 않았어요 🧑‍🍳,phrase,h3,2,2024-12-11,Z세대|밈|바이럴,3,https://gogumafarm.kr/%eb%b0%88-%eb%b0%94%eb%9e%98-%eb%8b%a4-%ec%a4%84%ea%b2%8c-2024%eb%85%84-%eb%b0%88-%ec%b4%9d%ea%b2%b0%ec%82%b0/,2026-07-09T15:19:51+09:00
%ec%97%90%ec%9d%b4%ec%94%a8-%ea%b8%b0%eb%b6%84%ec%9d%b4%eb%8b%a4-%ec%b5%9c%ec%8b_1,%ec%97%90%ec%9d%b4%ec%94%a8-%ea%b8%b0%eb%b6%84%ec%9d%b4%eb%8b%a4-%ec%b5%9c%ec%8b,친절한 활용 팁,keyword,h4,1,2024-05-30,X|밈|바이럴,3,https://gogumafarm.kr/%ec%97%90%ec%9d%b4%ec%94%a8-%ea%b8%b0%eb%b6%84%ec%9d%b4%eb%8b%a4-%ec%b5%9c%ec%8b%a0%eb%b0%88-%eb%ac%b4%eb%a3%8c-%ea%b3%b5%ea%b0%9c-2024%eb%85%84-5%ec%9b%94-%ec%b5%9c%ec%8b%a0-%eb%b0%88-%eb%aa%a8/,2026-07-09T15:19:51+09:00
%ec%97%90%ec%9d%b4%ec%94%a8-%ea%b8%b0%eb%b6%84%ec%9d%b4%eb%8b%a4-%ec%b5%9c%ec%8b_2,%ec%97%90%ec%9d%b4%ec%94%a8-%ea%b8%b0%eb%b6%84%ec%9d%b4%eb%8b%a4-%ec%b5%9c%ec%8b,활용 예시,keyword,h4,2,2024-05-30,X|밈|바이럴,3,https://gogumafarm.kr/%ec%97%90%ec%9d%b4%ec%94%a8-%ea%b8%b0%eb%b6%84%ec%9d%b4%eb%8b%a4-%ec%b5%9c%ec%8b%a0%eb%b0%88-%eb%ac%b4%eb%a3%8c-%ea%b3%b5%ea%b0%9c-2024%eb%85%84-5%ec%9b%94-%ec%b5%9c%ec%8b%a0-%eb%b0%88-%eb%aa%a8/,2026-07-09T15:19:51+09:00
%ec%a7%80%ea%b8%88-%ea%b0%80%ec%9e%a5-%ed%95%ab%ed%95%9c-%ed%99%98%ec%8a%b9%ec%9_1,%ec%a7%80%ea%b8%88-%ea%b0%80%ec%9e%a5-%ed%95%ab%ed%95%9c-%ed%99%98%ec%8a%b9%ec%9,이렇게 사용할 수 있어요,phrase,h4,1,2023-12-21,X(트위터)|밈|유튜브,3,https://gogumafarm.kr/%ec%a7%80%ea%b8%88-%ea%b0%80%ec%9e%a5-%ed%95%ab%ed%95%9c-%ed%99%98%ec%8a%b9%ec%97%b0%ec%95%a03%ec%97%90%ec%84%9c-%ed%83%84%ec%83%9d%ed%95%9c-%ec%b5%9c%ec%8b%a0-%eb%b0%88-%eb%b9%a0%eb%a5%b4%ea%b2%8c/,2026-07-09T15:19:51+09:00
%ec%9a%94%ec%a6%98%ec%9d%80-%eb%af%b8%ec%b3%a4%eb%8b%a4-%eb%8c%80%ec%8b%a0-%ed%8_1,%ec%9a%94%ec%a6%98%ec%9d%80-%eb%af%b8%ec%b3%a4%eb%8b%a4-%eb%8c%80%ec%8b%a0-%ed%8,실전 활용 예시,keyword,h4,1,2023-10-18,X(트위터)|밈|바이럴,3,https://gogumafarm.kr/%ec%9a%94%ec%a6%98%ec%9d%80-%eb%af%b8%ec%b3%a4%eb%8b%a4-%eb%8c%80%ec%8b%a0-%ed%8f%ad%eb%a3%a1%ec%a0%81%ec%9d%b4%eb%8b%a4-%ea%b0%80%ec%9d%84%eb%a7%9e%ec%9d%b4-%ec%b5%9c%ec%8b%a0-%eb%b0%88-%ec%97%85/,2026-07-09T15:19:51+09:00
%ec%9a%94%ec%a6%98%ec%9d%80-%eb%af%b8%ec%b3%a4%eb%8b%a4-%eb%8c%80%ec%8b%a0-%ed%8_2,%ec%9a%94%ec%a6%98%ec%9d%80-%eb%af%b8%ec%b3%a4%eb%8b%a4-%eb%8c%80%ec%8b%a0-%ed%8,욕설을 없앤 밈! 복사해서 바로 사용하기,phrase,h4,2,2023-10-18,X(트위터)|밈|바이럴,3,https://gogumafarm.kr/%ec%9a%94%ec%a6%98%ec%9d%80-%eb%af%b8%ec%b3%a4%eb%8b%a4-%eb%8c%80%ec%8b%a0-%ed%8f%ad%eb%a3%a1%ec%a0%81%ec%9d%b4%eb%8b%a4-%ea%b0%80%ec%9d%84%eb%a7%9e%ec%9d%b4-%ec%b5%9c%ec%8b%a0-%eb%b0%88-%ec%97%85/,2026-07-09T15:19:51+09:00
%ec%9a%94%ec%a6%98%ec%9d%80-%eb%af%b8%ec%b3%a4%eb%8b%a4-%eb%8c%80%ec%8b%a0-%ed%8_3,%ec%9a%94%ec%a6%98%ec%9d%80-%eb%af%b8%ec%b3%a4%eb%8b%a4-%eb%8c%80%ec%8b%a0-%ed%8,✔ 어디서 쓸까,keyword,h3,3,2023-10-18,X(트위터)|밈|바이럴,3,https://gogumafarm.kr/%ec%9a%94%ec%a6%98%ec%9d%80-%eb%af%b8%ec%b3%a4%eb%8b%a4-%eb%8c%80%ec%8b%a0-%ed%8f%ad%eb%a3%a1%ec%a0%81%ec%9d%b4%eb%8b%a4-%ea%b0%80%ec%9d%84%eb%a7%9e%ec%9d%b4-%ec%b5%9c%ec%8b%a0-%eb%b0%88-%ec%97%85/,2026-07-09T15:19:51+09:00
%ec%9a%94%ec%a6%98%ec%9d%80-%eb%af%b8%ec%b3%a4%eb%8b%a4-%eb%8c%80%ec%8b%a0-%ed%8_4,%ec%9a%94%ec%a6%98%ec%9d%80-%eb%af%b8%ec%b3%a4%eb%8b%a4-%eb%8c%80%ec%8b%a0-%ed%8,✔ 어떻게 쓸까,keyword,h3,4,2023-10-18,X(트위터)|밈|바이럴,3,https://gogumafarm.kr/%ec%9a%94%ec%a6%98%ec%9d%80-%eb%af%b8%ec%b3%a4%eb%8b%a4-%eb%8c%80%ec%8b%a0-%ed%8f%ad%eb%a3%a1%ec%a0%81%ec%9d%b4%eb%8b%a4-%ea%b0%80%ec%9d%84%eb%a7%9e%ec%9d%b4-%ec%b5%9c%ec%8b%a0-%eb%b0%88-%ec%97%85/,2026-07-09T15:19:51+09:00
%ec%96%b4%eb%8a%90%eb%8d%a7-%ec%b9%b4%ec%9a%b0%eb%a3%bd%ec%b9%b4%ec%9a%b0%eb%a3%_1,%ec%96%b4%eb%8a%90%eb%8d%a7-%ec%b9%b4%ec%9a%b0%eb%a3%bd%ec%b9%b4%ec%9a%b0%eb%a3%,활용 예시,keyword,h4,1,2023-10-17,X(트위터)|밈|바이럴,3,https://gogumafarm.kr/%ec%96%b4%eb%8a%90%eb%8d%a7-%ec%b9%b4%ec%9a%b0%eb%a3%bd%ec%b9%b4%ec%9a%b0%eb%a3%bd-%ea%b0%9c%ed%81%b0%ea%b5%ac%eb%a7%a4%ec%9a%94-%ec%9d%b4-%ec%b5%9c%ec%8b%a0-%eb%b0%88%ec%9d%b4-%eb%82%af/,2026-07-09T15:19:51+09:00
%ec%b5%9c%ec%8b%a0-%eb%b0%88-%eb%b9%a8%eb%a6%ac-%ec%95%8c%eb%a0%a4%ec%a3%bc%ec%8_1,%ec%b5%9c%ec%8b%a0-%eb%b0%88-%eb%b9%a8%eb%a6%ac-%ec%95%8c%eb%a0%a4%ec%a3%bc%ec%8,활용 예시,keyword,h4,1,2023-08-24,SNS|밈|바이럴,3,https://gogumafarm.kr/%ec%b5%9c%ec%8b%a0-%eb%b0%88-%eb%b9%a8%eb%a6%ac-%ec%95%8c%eb%a0%a4%ec%a3%bc%ec%87%bc-%ec%9d%b4%ea%b1%b4-%eb%82%b4-%eb%b6%80%ed%83%81%ec%9d%b4%ec%98%a4-23%eb%85%84-8%ec%9b%94-%ec%b5%9c%ec%8b%a0/,2026-07-09T15:19:51+09:00
%ec%8a%a4%eb%a0%88%eb%93%9c%ec%97%90%ec%84%9c-%ed%8d%bc%ec%a7%84-%eb%b0%88%ec%9d_1,%ec%8a%a4%eb%a0%88%eb%93%9c%ec%97%90%ec%84%9c-%ed%8d%bc%ec%a7%84-%eb%b0%88%ec%9d,밈 활용 예시,keyword,h4,1,2023-07-24,밈|바이럴|스레드,3,https://gogumafarm.kr/%ec%8a%a4%eb%a0%88%eb%93%9c%ec%97%90%ec%84%9c-%ed%8d%bc%ec%a7%84-%eb%b0%88%ec%9d%84-%ec%b0%be%ea%b3%a0-%ec%9e%88%eb%8b%a4%eb%a9%b4-%ea%b8%b0%ec%95%84-%ed%83%80%ec%9d%b4%ea%b1%b0%ec%a6%88-%ea%b9%80/,2026-07-09T15:19:51+09:00
%ea%b3%a0%ea%b5%ac%eb%a7%88%ed%8c%9c-%ec%82%ac%eb%ac%b4%ec%a0%81%ec%9d%b8-%ed%83_1,%ea%b3%a0%ea%b5%ac%eb%a7%88%ed%8c%9c-%ec%82%ac%eb%ac%b4%ec%a0%81%ec%9d%b8-%ed%83,활용 예시,keyword,h4,1,2023-07-21,X(트위터)|밈|바이럴,3,https://gogumafarm.kr/%ea%b3%a0%ea%b5%ac%eb%a7%88%ed%8c%9c-%ec%82%ac%eb%ac%b4%ec%a0%81%ec%9d%b8-%ed%83%9c%eb%8f%84-%ec%84%ad%ec%84%ad%ed%95%98%eb%84%a4%ec%9a%94-%ec%b5%9c%ec%8b%a0-%eb%b0%88-%eb%aa%a8%eb%a5%b4%ea%b2%a0/,2026-07-09T15:19:51+09:00
%ec%95%8c%ec%93%b8%ec%b5%9c%eb%b0%88-%ec%95%8c%ec%95%84%eb%91%90%eb%a9%b4-%ec%93_1,%ec%95%8c%ec%93%b8%ec%b5%9c%eb%b0%88-%ec%95%8c%ec%95%84%eb%91%90%eb%a9%b4-%ec%93,밈 활용 팁 : 이렇게 사용해 보세요,phrase,h4,1,2023-06-27,X(트위터)|밈|유튜브,3,https://gogumafarm.kr/%ec%95%8c%ec%93%b8%ec%b5%9c%eb%b0%88-%ec%95%8c%ec%95%84%eb%91%90%eb%a9%b4-%ec%93%b8-%eb%8d%b0-%ec%9e%88%eb%8a%94-%ec%b5%9c%ec%8b%a0-%eb%b0%88-%eb%aa%a8%ec%9d%8c-%ea%b3%b5%eb%ac%b4%ec%9b%90-%ed%8f%ad/,2026-07-09T15:19:51+09:00
%eb%8b%b9%ec%9c%bc%eb%a1%9c-%eb%81%9d%eb%82%98%eb%8a%94-%eb%8b%a8%ec%96%b4-%ec%8_1,%eb%8b%b9%ec%9c%bc%eb%a1%9c-%eb%81%9d%eb%82%98%eb%8a%94-%eb%8b%a8%ec%96%b4-%ec%8,실전 활용 TIP,mixed,h4,1,2023-06-07,X(트위터)|밈|유튜브,3,https://gogumafarm.kr/%eb%8b%b9%ec%9c%bc%eb%a1%9c-%eb%81%9d%eb%82%98%eb%8a%94-%eb%8b%a8%ec%96%b4-%ec%84%b8-%ea%b0%80%ec%a7%80%eb%8a%94-%eb%8b%a4-%eb%aa%a8%eb%a5%b4%ea%b2%a0%ea%b3%a0-%ec%b5%9c%ec%8b%a0%eb%b0%88%ec%9d%b4/,2026-07-09T15:19:51+09:00
%ec%95%84%eb%8a%94-%eb%a7%8c%ed%81%bc-%eb%b3%b4%ec%9d%b4%eb%8a%94-%ec%9a%94%ec%a_1,%ec%95%84%eb%8a%94-%eb%a7%8c%ed%81%bc-%eb%b3%b4%ec%9d%b4%eb%8a%94-%ec%9a%94%ec%a,활용 예시,keyword,h4,1,2023-03-21,X(트위터)|밈,3,https://gogumafarm.kr/%ec%95%84%eb%8a%94-%eb%a7%8c%ed%81%bc-%eb%b3%b4%ec%9d%b4%eb%8a%94-%ec%9a%94%ec%a6%98-%eb%b0%88-%eb%aa%a8%ec%9d%8c/,2026-07-09T15:19:51+09:00
%ec%88%8f%ed%8f%bc-%ec%9c%a0%ed%96%89-%eb%b0%88-%ea%b2%b0%ec%82%b0_1,%ec%88%8f%ed%8f%bc-%ec%9c%a0%ed%96%89-%eb%b0%88-%ea%b2%b0%ec%82%b0,콘텐츠 활용 팁,keyword,h4,1,2023-01-12,MZ세대|밈|바이럴|숏폼,3,https://gogumafarm.kr/%ec%88%8f%ed%8f%bc-%ec%9c%a0%ed%96%89-%eb%b0%88-%ea%b2%b0%ec%82%b0/,2026-07-09T15:19:51+09:00
2022%eb%85%84-%eb%b0%88-%ec%b5%9c%ec%a2%85-%ec%a0%95%eb%a6%ac_1,2022%eb%85%84-%eb%b0%88-%ec%b5%9c%ec%a2%85-%ec%a0%95%eb%a6%ac,이렇게 쓸 수 있어요,phrase,h4,1,2022-12-13,MZ세대|밈,3,https://gogumafarm.kr/2022%eb%85%84-%eb%b0%88-%ec%b5%9c%ec%a2%85-%ec%a0%95%eb%a6%ac/,2026-07-09T15:19:51+09:00
