keyword,old_count,new_count,change
메이플랜드,1.0,24.0,23.0
t1,5.0,26.0,21.0
메이플,25.0,40.0,15.0
apex,0.0,14.0,14.0
legends,2.0,14.0,12.0
영화,7.0,15.0,8.0
정승환,0.0,7.0,7.0
메이플스토리,5.0,12.0,7.0
합방,1.0,7.0,6.0
Stray,0.0,5.0,5.0
스트레이,0.0,5.0,5.0
노가리,0.0,5.0,5.0
Kids,0.0,5.0,5.0
스트리머,4.0,9.0,5.0
예고편,13.0,18.0,5.0
키즈,0.0,5.0,5.0
teaser,0.0,5.0,5.0
스키즈,0.0,5.0,5.0
skz,0.0,5.0,5.0
하우카우,0.0,4.0,4.0
트레일러,0.0,4.0,4.0
THIS,0.0,4.0,4.0
Good,0.0,4.0,4.0
버튜버,0.0,4.0,4.0
THAT,0.0,4.0,4.0
So,0.0,4.0,4.0
SKZ,0.0,4.0,4.0
히나,0.0,4.0,4.0
티원,1.0,5.0,4.0
인생게임,0.0,4.0,4.0
라이브,0.0,4.0,4.0
컴백,0.0,4.0,4.0
최유리,0.0,4.0,4.0
찬해,0.0,4.0,4.0
아이들,2.0,6.0,4.0
스텔라이브,1.0,4.0,3.0
트위치,2.0,5.0,3.0
T1,6.0,9.0,3.0
SBS,0.0,3.0,3.0
호프,37.0,40.0,3.0
vtuber,0.0,3.0,3.0
플래닛,0.0,3.0,3.0
버츄얼,0.0,3.0,3.0
런민기,0.0,3.0,3.0
Highway,0.0,3.0,3.0
파이터,0.0,3.0,3.0
계모임,0.0,3.0,3.0
This,0.0,3.0,3.0
KIHYUN,0.0,3.0,3.0
월즈,0.0,3.0,3.0
다모임,0.0,3.0,3.0
명예훈장,0.0,3.0,3.0
명훈,0.0,3.0,3.0
다큐,0.0,3.0,3.0
기현,0.0,3.0,3.0
스팀게임,0.0,2.0,2.0
보약,0.0,2.0,2.0
Because,0.0,2.0,2.0
Breeze,0.0,2.0,2.0
Trailer,0.0,2.0,2.0
여돌,0.0,2.0,2.0
8뉴스,0.0,2.0,2.0
Wish,0.0,2.0,2.0
Summer,0.0,2.0,2.0
MRCH,0.0,2.0,2.0
Dat,1.0,3.0,2.0
Love,1.0,3.0,2.0
Mine,0.0,2.0,2.0
하는,0.0,2.0,2.0
dle,2.0,4.0,2.0
원더케이,0.0,2.0,2.0
SPORT,0.0,2.0,2.0
아프리카,4.0,6.0,2.0
야랄,0.0,2.0,2.0
Original,0.0,2.0,2.0
유챔,0.0,2.0,2.0
Goodbye,0.0,2.0,2.0
howcow,0.0,2.0,2.0
kids,0.0,2.0,2.0
cyberpunk,0.0,2.0,2.0
이기는,0.0,2.0,2.0
신곡,0.0,2.0,2.0
헥시아,0.0,2.0,2.0
메이플키우기,0.0,2.0,2.0
실시간,1.0,3.0,2.0
어쌔신,0.0,2.0,2.0
Pacific,0.0,2.0,2.0
lck,7.0,9.0,2.0
Your,0.0,2.0,2.0
mv,0.0,2.0,2.0
메랜,1.0,3.0,2.0
이문주,3.0,5.0,2.0
토크,1.0,3.0,2.0
peyz,0.0,2.0,2.0
마크,1.0,3.0,2.0
사또,2.0,4.0,2.0
옛날메이플,1.0,3.0,2.0
stray,0.0,2.0,2.0
탬탬버린,0.0,2.0,2.0
리니지,8.0,10.0,2.0
인터넷방송,0.0,2.0,2.0
HOWCOW,0.0,2.0,2.0
uuu,0.0,2.0,2.0
닌텐도,1.0,3.0,2.0
유니버스,0.0,2.0,2.0
s29,0.0,2.0,2.0
입춘,0.0,2.0,2.0
롤드컵,1.0,3.0,2.0
장난,0.0,2.0,2.0
타임어택,0.0,2.0,2.0
황정민,3.0,5.0,2.0
타비,1.0,3.0,2.0
강화,1.0,3.0,2.0
경기,0.0,2.0,2.0
클래식,4.0,6.0,2.0
전사,0.0,2.0,2.0
전설의,0.0,2.0,2.0
Gimme,1.0,3.0,2.0
러쉬,0.0,2.0,2.0
유니온,0.0,2.0,2.0
1theK,0.0,2.0,2.0
카트라이더,0.0,2.0,2.0
티저,1.0,3.0,2.0
그림,1.0,3.0,2.0
경제,0.0,2.0,2.0
싸워,0.0,2.0,2.0
도적,0.0,2.0,2.0
Kyoeun,1.0,3.0,2.0
치지직,4.0,6.0,2.0
축가,0.0,2.0,2.0
카트,0.0,2.0,2.0
comeback,0.0,2.0,2.0
김데데,0.0,2.0,2.0
대전,0.0,2.0,2.0
데슬,0.0,2.0,2.0
초고수,1.0,3.0,2.0
최강,0.0,2.0,2.0
직업추천,0.0,2.0,2.0
몬스타엑스,0.0,2.0,2.0
지작,0.0,2.0,2.0
트리플,0.0,2.0,2.0
아즈,0.0,2.0,2.0
오버워치,0.0,2.0,2.0
Was,0.0,2.0,2.0
하나,0.0,2.0,2.0
BABYMONSTER,0.0,2.0,2.0
BJ,0.0,2.0,2.0
BORDERLINE,0.0,2.0,2.0
Coast,0.0,2.0,2.0
뉴스,0.0,2.0,2.0
시라유키,0.0,2.0,2.0
That,0.0,2.0,2.0
2기생,0.0,2.0,2.0
HAN,0.0,1.0,1.0
HARAM,0.0,1.0,1.0
스토리,1.0,2.0,1.0
쌀먹,0.0,1.0,1.0
스펙업,0.0,1.0,1.0
스피어맨,0.0,1.0,1.0
스텔라,0.0,1.0,1.0
스텔라이브2기,0.0,1.0,1.0
승민,0.0,1.0,1.0
시너지,0.0,1.0,1.0
시라소니,0.0,1.0,1.0
스틸라이브,0.0,1.0,1.0
스릴러,0.0,1.0,1.0
시리유키,0.0,1.0,1.0
시리즈,0.0,1.0,1.0
시부키,1.0,2.0,1.0
시소인간,0.0,1.0,1.0
Homeground,0.0,1.0,1.0
Hurdle,1.0,2.0,1.0
플로스,0.0,1.0,1.0
피닉스박,1.0,2.0,1.0
II,1.0,2.0,1.0
IT,0.0,1.0,1.0
HYUNJIN,0.0,1.0,1.0
Jun,0.0,1.0,1.0
JungSeungHwan,0.0,1.0,1.0
Hwang,0.0,1.0,1.0
KNOW,0.0,1.0,1.0
Kacper,0.0,1.0,1.0
스위치,1.0,2.0,1.0
슉맨,0.0,1.0,1.0
스텔,0.0,1.0,1.0
스텔2기생,0.0,1.0,1.0
스위츠,0.0,1.0,1.0
야구선수,0.0,1.0,1.0
얼굴,1.0,2.0,1.0
없다,0.0,1.0,1.0
에겐남,0.0,1.0,1.0
얘들아,0.0,1.0,1.0
에스비에스,0.0,1.0,1.0
어엉,0.0,1.0,1.0
쇼핑몰,0.0,1.0,1.0
수삼,2.0,3.0,1.0
쇼츠,0.0,1.0,1.0
수환,0.0,1.0,1.0
여자들의,0.0,1.0,1.0
여장남자,0.0,1.0,1.0
여제의,0.0,1.0,1.0
엔딩까지,0.0,1.0,1.0
엔비디아,0.0,1.0,1.0
엔씨소프트,0.0,1.0,1.0
LIKE,0.0,1.0,1.0
LIVE,1.0,2.0,1.0
프로게이머,1.0,2.0,1.0
포켓몬,1.0,2.0,1.0
포함,0.0,1.0,1.0
표도,0.0,1.0,1.0
플러스,0.0,1.0,1.0
플레이오프,0.0,1.0,1.0
플레이포커,1.0,2.0,1.0
풀이,0.0,1.0,1.0
역대급,0.0,1.0,1.0
여자,0.0,1.0,1.0
세글자,3.0,4.0,1.0
셀로브방,0.0,1.0,1.0
생겼습니다,0.0,1.0,1.0
솔로,1.0,2.0,1.0
소원이,0.0,1.0,1.0
MONSTA,0.0,1.0,1.0
MSI,4.0,5.0,1.0
NEWS,0.0,1.0,1.0
NEW팀,0.0,1.0,1.0
LEE,0.0,1.0,1.0
Krystian,0.0,1.0,1.0
Ku,0.0,1.0,1.0
서든,0.0,1.0,1.0
서든어택,0.0,1.0,1.0
생각하긴,0.0,1.0,1.0
서우내,0.0,1.0,1.0
서운해,0.0,1.0,1.0
서울,0.0,1.0,1.0
서클,0.0,1.0,1.0
생존기,1.0,2.0,1.0
옛날,0.0,1.0,1.0
선수들은,0.0,1.0,1.0
설정,0.0,1.0,1.0
성세천하,0.0,1.0,1.0
오늘처럼,0.0,1.0,1.0
오리아나,1.0,2.0,1.0
예매,0.0,1.0,1.0
예민하네,0.0,1.0,1.0
오리지널,0.0,1.0,1.0
오묘한,0.0,1.0,1.0
오토코노코,0.0,1.0,1.0
오너,0.0,1.0,1.0
오픈,0.0,1.0,1.0
온더스팟,0.0,1.0,1.0
온세상이티원,0.0,1.0,1.0
온세티,0.0,1.0,1.0
뿡빵띠,0.0,1.0,1.0
뿡세이돈,0.0,1.0,1.0
삐부,0.0,1.0,1.0
뻔뻔해야,0.0,1.0,1.0
사냥터,0.0,1.0,1.0
사랑꾼이,0.0,1.0,1.0
삭제하자,0.0,1.0,1.0
Odrzywo,0.0,1.0,1.0
Olszakumpel,0.0,1.0,1.0
Olszewski,0.0,1.0,1.0
SeungTUDIO,0.0,1.0,1.0
PC방은,0.0,1.0,1.0
PHARITA,0.0,1.0,1.0
New1thekOriginal,0.0,1.0,1.0
RUKA,0.0,1.0,1.0
Piotr,0.0,1.0,1.0
Postcards,0.0,1.0,1.0
RORA,0.0,1.0,1.0
불러보라는,0.0,1.0,1.0
브금,0.0,1.0,1.0
상대를,0.0,1.0,1.0
상생관계,0.0,1.0,1.0
브리튼,0.0,1.0,1.0
브이튜버,0.0,1.0,1.0
블러드문,0.0,1.0,1.0
블럭버스터,0.0,1.0,1.0
불도그,3.0,4.0,1.0
불독,0.0,1.0,1.0
빠른해방,0.0,1.0,1.0
비제이,0.0,1.0,1.0
비칸데르,0.0,1.0,1.0
보물을,0.0,1.0,1.0
보여주는,0.0,1.0,1.0
비하인드스토리,0.0,1.0,1.0
빅보스,2.0,3.0,1.0
SEUNGMIN,0.0,1.0,1.0
포기는,0.0,1.0,1.0
SOOP,0.0,1.0,1.0
Rose,0.0,1.0,1.0
SF,0.0,1.0,1.0
Smoke,1.0,2.0,1.0
SSS,0.0,1.0,1.0
보이는,0.0,1.0,1.0
보이스,0.0,1.0,1.0
보자,0.0,1.0,1.0
보컬,0.0,1.0,1.0
보더라인,0.0,1.0,1.0
보드게임,0.0,1.0,1.0
분내,0.0,1.0,1.0
분노,0.0,1.0,1.0
분석,2.0,3.0,1.0
본진에서,0.0,1.0,1.0
봉켓몬,2.0,3.0,1.0
보여줬더니,0.0,1.0,1.0
용복,0.0,1.0,1.0
우리동네,0.0,1.0,1.0
완성,0.0,1.0,1.0
완성해버린,0.0,1.0,1.0
왈도쿤,2.0,3.0,1.0
부쿠키,0.0,1.0,1.0
우우우,0.0,1.0,1.0
우정잉,0.0,1.0,1.0
운빨로,0.0,1.0,1.0
운영자의,0.0,1.0,1.0
외쳐,0.0,1.0,1.0
TOP100,0.0,1.0,1.0
Tae,0.0,1.0,1.0
T1대전,0.0,1.0,1.0
패스벤더,2.0,3.0,1.0
파트너,0.0,1.0,1.0
퍼포,0.0,1.0,1.0
퍼포먼스,1.0,2.0,1.0
페이즈,0.0,1.0,1.0
페이지,0.0,1.0,1.0
페이커,2.0,3.0,1.0
판엔,0.0,1.0,1.0
팡이요,3.0,4.0,1.0
티젠전,0.0,1.0,1.0
티한전,0.0,1.0,1.0
파리타,0.0,1.0,1.0
트할,1.0,2.0,1.0
The,0.0,1.0,1.0
Wook,0.0,1.0,1.0
Sora,0.0,1.0,1.0
Spot,0.0,1.0,1.0
배우,2.0,3.0,1.0
배추,0.0,1.0,1.0
버츄얼스트리머,0.0,1.0,1.0
버프,0.0,1.0,1.0
번만,0.0,1.0,1.0
방찬,0.0,1.0,1.0
보내버리기,0.0,1.0,1.0
법사,0.0,1.0,1.0
법을,0.0,1.0,1.0
베몬,0.0,1.0,1.0
버그자리를,0.0,1.0,1.0
베이비몬스터,0.0,1.0,1.0
보기,0.0,1.0,1.0
원곡,0.0,1.0,1.0
원더케이오리지널,0.0,1.0,1.0
원딜,2.0,3.0,1.0
유즈하,0.0,1.0,1.0
유니,0.0,1.0,1.0
원큐,1.0,2.0,1.0
미츄,0.0,1.0,1.0
유저에게,0.0,1.0,1.0
유저의,0.0,1.0,1.0
밤바다,0.0,1.0,1.0
방송,1.0,2.0,1.0
방송인,0.0,1.0,1.0
박종우,0.0,1.0,1.0
바다,0.0,1.0,1.0
박도나,0.0,1.0,1.0
bfx,0.0,1.0,1.0
borderline,0.0,1.0,1.0
bro,0.0,1.0,1.0
ap,0.0,1.0,1.0
center,0.0,1.0,1.0
comms,0.0,1.0,1.0
트페,1.0,2.0,1.0
통깡,0.0,1.0,1.0
통깡이,0.0,1.0,1.0
통신사더비,0.0,1.0,1.0
퉁퉁이형,0.0,1.0,1.0
트레저헌터의,0.0,1.0,1.0
티스코드,0.0,1.0,1.0
트로피룸,0.0,1.0,1.0
dnf,0.0,1.0,1.0
doran,0.0,1.0,1.0
drx,0.0,1.0,1.0
ek,0.0,1.0,1.0
electronic,0.0,1.0,1.0
entertainment,0.0,1.0,1.0
event,0.0,1.0,1.0
everywhere,0.0,1.0,1.0
ewc,0.0,1.0,1.0
faker,2.0,3.0,1.0
aga,0.0,1.0,1.0
finals,0.0,1.0,1.0
format,0.0,1.0,1.0
arts,0.0,1.0,1.0
at,1.0,2.0,1.0
battle,0.0,1.0,1.0
못하는,0.0,1.0,1.0
무7련,0.0,1.0,1.0
뮌헨,1.0,2.0,1.0
무료,1.0,2.0,1.0
무조건,0.0,1.0,1.0
미드,0.0,1.0,1.0
미래가,0.0,1.0,1.0
물어봤습니다,0.0,1.0,1.0
유튜브,0.0,1.0,1.0
윤가놈님,0.0,1.0,1.0
hina,0.0,1.0,1.0
hle,0.0,1.0,1.0
idol,0.0,1.0,1.0
in,2.0,3.0,1.0
innovation,0.0,1.0,1.0
guma,0.0,1.0,1.0
gumayusi,0.0,1.0,1.0
keria,0.0,1.0,1.0
헌트,0.0,1.0,1.0
kkoma,0.0,1.0,1.0
kpop,1.0,2.0,1.0
krvtuber,0.0,1.0,1.0
cover,0.0,1.0,1.0
cup,0.0,1.0,1.0
custom,0.0,1.0,1.0
2026MSI,0.0,1.0,1.0
dance,0.0,1.0,1.0
dk,0.0,1.0,1.0
이건,1.0,2.0,1.0
이게임은,0.0,1.0,1.0
2026,4.0,5.0,1.0
윤마치,0.0,1.0,1.0
썰풀이,0.0,1.0,1.0
쏘굿,0.0,1.0,1.0
씽크빅,0.0,1.0,1.0
이레인,0.0,1.0,1.0
이말년,0.0,1.0,1.0
음악,0.0,1.0,1.0
메챠카멜레온,2.0,3.0,1.0
멜론,0.0,1.0,1.0
멤버십,0.0,1.0,1.0
메소,0.0,1.0,1.0
메이킹,1.0,2.0,1.0
황현진,0.0,1.0,1.0
모바일,0.0,1.0,1.0
멧챠,0.0,1.0,1.0
아라하시,0.0,1.0,1.0
아라하시타비,0.0,1.0,1.0
메인,4.0,5.0,1.0
language,0.0,1.0,1.0
아란,1.0,2.0,1.0
ps4,0.0,1.0,1.0
ps5,0.0,1.0,1.0
respawn,0.0,1.0,1.0
썬콜,0.0,1.0,1.0
lk,0.0,1.0,1.0
location,0.0,1.0,1.0
kt,0.0,1.0,1.0
k팝,0.0,1.0,1.0
msr,0.0,1.0,1.0
아이엔,0.0,1.0,1.0
mata,0.0,1.0,1.0
minecraft,0.0,1.0,1.0
gen,0.0,1.0,1.0
genre,0.0,1.0,1.0
msi,0.0,1.0,1.0
매운맛이,0.0,1.0,1.0
만들자마자,0.0,1.0,1.0
많다,0.0,1.0,1.0
만났습니다,0.0,1.0,1.0
만들었다,0.0,1.0,1.0
모라하지마,0.0,1.0,1.0
메가박스,0.0,1.0,1.0
Cover,0.0,1.0,1.0
말왕,0.0,1.0,1.0
맛종욱,0.0,1.0,1.0
매운맛,0.0,1.0,1.0
이번,0.0,1.0,1.0
이별이라기에,0.0,1.0,1.0
이블윙즈,0.0,1.0,1.0
매치,0.0,1.0,1.0
머스터,0.0,1.0,1.0
이소라,0.0,1.0,1.0
현준페구케,0.0,1.0,1.0
아오쿠모,0.0,1.0,1.0
테스트훈,0.0,1.0,1.0
테일러,0.0,1.0,1.0
ns,0.0,1.0,1.0
oner,0.0,1.0,1.0
overclocked,0.0,1.0,1.0
pc,0.0,1.0,1.0
pc방,0.0,1.0,1.0
person,0.0,1.0,1.0
해적,0.0,1.0,1.0
playoff,0.0,1.0,1.0
pop,0.0,1.0,1.0
이지상,0.0,1.0,1.0
이태,0.0,1.0,1.0
익시드랑,0.0,1.0,1.0
이상혁,1.0,2.0,1.0
리코,0.0,1.0,1.0
리포트,0.0,1.0,1.0
인방,0.0,1.0,1.0
인생,0.0,1.0,1.0
마이클,3.0,4.0,1.0
마레,0.0,1.0,1.0
마블,3.0,4.0,1.0
리제,0.0,1.0,1.0
마치,0.0,1.0,1.0
1시간,0.0,1.0,1.0
마타,0.0,1.0,1.0
마시로,0.0,1.0,1.0
stelive,0.0,1.0,1.0
season,0.0,1.0,1.0
seesaw,0.0,1.0,1.0
series,0.0,1.0,1.0
switch,0.0,1.0,1.0
1theKOriginal,0.0,1.0,1.0
t1scord,0.0,1.0,1.0
힘의,0.0,1.0,1.0
source,0.0,1.0,1.0
탄생,0.0,1.0,1.0
힊이응,0.0,1.0,1.0
텐코,0.0,1.0,1.0
탬탬,0.0,1.0,1.0
10,0.0,1.0,1.0
터졌다,0.0,1.0,1.0
털어,0.0,1.0,1.0
루카,0.0,1.0,1.0
루트,0.0,1.0,1.0
리노,0.0,1.0,1.0
홍구를,0.0,1.0,1.0
리니지클래식,4.0,5.0,1.0
리니지2m,2.0,3.0,1.0
리니지w,1.0,2.0,1.0
형님,0.0,1.0,1.0
일단,0.0,1.0,1.0
리부트,0.0,1.0,1.0
일이,0.0,1.0,1.0
임나은,0.0,1.0,1.0
형님이라고,0.0,1.0,1.0
인터네셔널,0.0,1.0,1.0
26MSI,0.0,1.0,1.0
video,0.0,1.0,1.0
29,0.0,1.0,1.0
that,0.0,1.0,1.0
vs,5.0,6.0,1.0
확률을,0.0,1.0,1.0
wildcard,0.0,1.0,1.0
worlds,0.0,1.0,1.0
trophy,0.0,1.0,1.0
type,0.0,1.0,1.0
sbs,2.0,3.0,1.0
xbox,0.0,1.0,1.0
zOOm,0.0,1.0,1.0
voice,0.0,1.0,1.0
shirayuki,0.0,1.0,1.0
skins,0.0,1.0,1.0
room,0.0,1.0,1.0
royale,0.0,1.0,1.0
황인욱,0.0,1.0,1.0
장인입니다,0.0,1.0,1.0
1위에게,0.0,1.0,1.0
잉토바이,0.0,1.0,1.0
잉혐,0.0,1.0,1.0
잊을게,0.0,1.0,1.0
잠쩔,0.0,1.0,1.0
일상,0.0,1.0,1.0
일어나,0.0,1.0,1.0
로크,0.0,1.0,1.0
호영,0.0,1.0,1.0
로라,0.0,1.0,1.0
잡았습니다,0.0,1.0,1.0
혹시몰라서,0.0,1.0,1.0
장마군,0.0,1.0,1.0
롤체,0.0,1.0,1.0
로얄,0.0,1.0,1.0
적으로,0.0,1.0,1.0
재벌이,0.0,1.0,1.0
재탄생,0.0,1.0,1.0
홀덤,1.0,2.0,1.0
키네시스,0.0,1.0,1.0
홈그라운드,0.0,1.0,1.0
킥스나,0.0,1.0,1.0
킬내기,0.0,1.0,1.0
킬러들의,0.0,1.0,1.0
킴성태,0.0,1.0,1.0
킴해적단,0.0,1.0,1.0
타먹금,0.0,1.0,1.0
훠거딩딩스,0.0,1.0,1.0
타요,0.0,1.0,1.0
감독,1.0,2.0,1.0
가져갑니다,0.0,1.0,1.0
간다,0.0,1.0,1.0
갈노블,0.0,1.0,1.0
감규리,0.0,1.0,1.0
tom,0.0,1.0,1.0
trailer,0.0,1.0,1.0
갓주일,0.0,1.0,1.0
강만식,0.0,1.0,1.0
강제로,0.0,1.0,1.0
강지,1.0,2.0,1.0
흑화하게,0.0,1.0,1.0
개사기,0.0,1.0,1.0
코블몬,0.0,1.0,1.0
코블버스,0.0,1.0,1.0
게임사,0.0,1.0,1.0
거꾸로,0.0,1.0,1.0
걸즈토크,0.0,1.0,1.0
퀘스트,0.0,1.0,1.0
결말,1.0,2.0,1.0
결승,0.0,1.0,1.0
화났네,0.0,1.0,1.0
5작,0.0,1.0,1.0
클레릭,0.0,1.0,1.0
전부,0.0,1.0,1.0
Bruklin,0.0,1.0,1.0
AHYEON,0.0,1.0,1.0
전섭,0.0,1.0,1.0
전섭에,0.0,1.0,1.0
전수찬,1.0,2.0,1.0
라디오,0.0,1.0,1.0
라이벌,0.0,1.0,1.0
전에도,0.0,1.0,1.0
접속,1.0,2.0,1.0
레고77,1.0,2.0,1.0
600족,0.0,1.0,1.0
랄로,3.0,4.0,1.0
뜨뜨뜨뜨,0.0,1.0,1.0
레이싱게임,0.0,1.0,1.0
레일리,0.0,1.0,1.0
래더S,0.0,1.0,1.0
러끼,0.0,1.0,1.0
러셀,0.0,1.0,1.0
한지성,0.0,1.0,1.0
한화,0.0,1.0,1.0
공짠데,0.0,1.0,1.0
공포게임,1.0,2.0,1.0
골목대장,0.0,1.0,1.0
공12노목,0.0,1.0,1.0
커버,0.0,1.0,1.0
커버곡,0.0,1.0,1.0
합니다,0.0,1.0,1.0
현진,0.0,1.0,1.0
카트라이더러쉬플러스,0.0,1.0,1.0
칸나,0.0,1.0,1.0
칼로스,0.0,1.0,1.0
캐릭,0.0,1.0,1.0
케리아,0.0,1.0,1.0
케이,0.0,1.0,1.0
케이팝,0.0,1.0,1.0
켄라우헬,0.0,1.0,1.0
듣는,0.0,1.0,1.0
등급,0.0,1.0,1.0
등장,0.0,1.0,1.0
레이싱,0.0,1.0,1.0
디즈니,2.0,3.0,1.0
따비,0.0,1.0,1.0
땁이,0.0,1.0,1.0
드르렁컥컥,0.0,1.0,1.0
뚫고,0.0,1.0,1.0
뜨뜨,0.0,1.0,1.0
때나,0.0,1.0,1.0
떡밥,2.0,3.0,1.0
떴다,1.0,2.0,1.0
헌터,0.0,1.0,1.0
정호연,1.0,2.0,1.0
똘끼,5.0,6.0,1.0
똥갓겜,0.0,1.0,1.0
구구덕,0.0,1.0,1.0
구마유시,0.0,1.0,1.0
구스구스덕,0.0,1.0,1.0
근황,0.0,1.0,1.0
그냥,0.0,1.0,1.0
그대의,0.0,1.0,1.0
그렇게,0.0,1.0,1.0
해냈습니다,0.0,1.0,1.0
그림숨바꼭질,0.0,1.0,1.0
근데,0.0,1.0,1.0
공개,1.0,2.0,1.0
해방큐브,0.0,1.0,1.0
경찬이,0.0,1.0,1.0
100경,0.0,1.0,1.0
제네패스로,0.0,1.0,1.0
제노,0.0,1.0,1.0
제로,0.0,1.0,1.0
제우스,0.0,1.0,1.0
정리해야,0.0,1.0,1.0
제한,0.0,1.0,1.0
젠지,1.0,2.0,1.0
도란,0.0,1.0,1.0
도오페구케,0.0,1.0,1.0
조인성,3.0,4.0,1.0
되는,0.0,1.0,1.0
도오페페케,0.0,1.0,1.0
Cyberpunk,0.0,1.0,1.0
최신,0.0,1.0,1.0
CHANGBIN,0.0,1.0,1.0
최초,0.0,1.0,1.0
나도,0.0,1.0,1.0
필름,0.0,1.0,1.0
치키타,0.0,1.0,1.0
침착맨,0.0,1.0,1.0
추방시키고,0.0,1.0,1.0
필릭스,0.0,1.0,1.0
출신,0.0,1.0,1.0
침투부,0.0,1.0,1.0
카메론,0.0,1.0,1.0
카즈야,2.0,3.0,1.0
필메,0.0,1.0,1.0
치면,0.0,1.0,1.0
하나코,0.0,1.0,1.0
하람,0.0,1.0,1.0
김똘복,0.0,1.0,1.0
김민교,4.0,5.0,1.0
픽셀내전,0.0,1.0,1.0
당하게,0.0,1.0,1.0
드디어,3.0,4.0,1.0
드롭킥,0.0,1.0,1.0
동대문구,0.0,1.0,1.0
대전생존기,0.0,1.0,1.0
대회,1.0,2.0,1.0
댄스,0.0,1.0,1.0
더블,0.0,1.0,1.0
대리작,0.0,1.0,1.0
덕몽,0.0,1.0,1.0
덕몽어스,0.0,1.0,1.0
데몬슬레이어,0.0,1.0,1.0
안경을,0.0,1.0,1.0
데포로쥬,1.0,2.0,1.0
데포서버,0.0,1.0,1.0
델로략국,0.0,1.0,1.0
중국,0.0,1.0,1.0
주일,0.0,1.0,1.0
주작,0.0,1.0,1.0
최승훈,0.0,1.0,1.0
청운검,0.0,1.0,1.0
안무,0.0,1.0,1.0
챔피언,0.0,1.0,1.0
천만,0.0,1.0,1.0
까먹었다는,0.0,1.0,1.0
초전설도,0.0,1.0,1.0
촛불,0.0,1.0,1.0
총정리,1.0,2.0,1.0
안에,0.0,1.0,1.0
꺠박이,0.0,1.0,1.0
꼬마,0.0,1.0,1.0
김수환,0.0,1.0,1.0
김승민,0.0,1.0,1.0
김점례,0.0,1.0,1.0
나홍진,2.0,3.0,1.0
나나,0.0,1.0,1.0
깐숙,0.0,1.0,1.0
직업,0.0,1.0,1.0
알리시아,0.0,1.0,1.0
직작했습니다,0.0,1.0,1.0
진정해,0.0,1.0,1.0
지누,0.0,1.0,1.0
지는,0.0,1.0,1.0
줌인센타,0.0,1.0,1.0
넷플릭스,2.0,3.0,1.0
아현,0.0,1.0,1.0
노바,0.0,1.0,1.0
애로우,0.0,1.0,1.0
액션,0.0,1.0,1.0
다시한번,0.0,1.0,1.0
다오군단,0.0,1.0,1.0
아무무,0.0,1.0,1.0
아사,0.0,1.0,1.0
아야츠노,0.0,1.0,1.0
아야츠노유니,0.0,1.0,1.0
아닙니다,0.0,1.0,1.0
아이젠,0.0,1.0,1.0
시프,0.0,1.0,1.0
185개,0.0,1.0,1.0
아이돌,0.0,1.0,1.0
신고,0.0,1.0,1.0
아이리,0.0,1.0,1.0
한국어,0.0,1.0,1.0
한로로,0.0,1.0,1.0
실시간뉴스,0.0,1.0,1.0
하이라이트,1.0,2.0,1.0
하카,0.0,1.0,1.0
핑맨,0.0,1.0,1.0
하기,0.0,1.0,1.0
신동이,0.0,1.0,1.0
ASA,0.0,1.0,1.0
Apex,0.0,1.0,1.0
Art,1.0,2.0,1.0
BABYMON,0.0,1.0,1.0
Ep,0.0,1.0,1.0
BAEMON,0.0,1.0,1.0
BANG,0.0,1.0,1.0
Event,0.0,1.0,1.0
BJ타요,0.0,1.0,1.0
CHAN,0.0,1.0,1.0
FELIX,0.0,1.0,1.0
Fig,1.0,2.0,1.0
100점,0.0,1.0,1.0
누룽지,0.0,1.0,1.0
Forrest,0.0,1.0,1.0
뉴스넷,0.0,1.0,1.0
차단,0.0,1.0,1.0
다음,0.0,1.0,1.0
HOPE,3.0,4.0,1.0
달려봤습니다,0.0,1.0,1.0
1일차,0.0,1.0,1.0
From,0.0,1.0,1.0
집에서,0.0,1.0,1.0
짖음,0.0,1.0,1.0
창빈,0.0,1.0,1.0
창섭이형,0.0,1.0,1.0
창의력,0.0,1.0,1.0
차이가,0.0,1.0,1.0
남은,0.0,1.0,1.0
남자솔로,0.0,1.0,1.0
낭자애,0.0,1.0,1.0
난무하는,0.0,1.0,1.0
날먹해야된다,0.0,1.0,1.0
남봉,0.0,1.0,1.0
채현찌,0.0,1.0,1.0
너의,0.0,1.0,1.0
네네코,0.0,1.0,1.0
네이버,0.0,1.0,1.0
내머리가나빠서,0.0,1.0,1.0
내전,0.0,1.0,1.0
남양주시,0.0,1.0,1.0
2900점,0.0,1.0,1.0
2기,0.0,1.0,1.0
CHIQUITA,0.0,1.0,1.0
1위,1.0,2.0,1.0
힘이되신,1.0,1.0,0.0
해주는,1.0,1.0,0.0
해방,2.0,2.0,0.0
Crushed,2.0,2.0,0.0
DAY1,1.0,1.0,0.0
CHANNEL,1.0,1.0,0.0
CCM,1.0,1.0,0.0
CG,1.0,1.0,0.0
CHANCELLOR,1.0,1.0,0.0
BLG,1.0,1.0,0.0
BLINK,1.0,1.0,0.0
END,1.0,1.0,0.0
DK,1.0,1.0,0.0
DK모바일,1.0,1.0,0.0
DON,1.0,1.0,0.0
DOORGROUND,1.0,1.0,0.0
DRX,1.0,1.0,0.0
Dayday,1.0,1.0,0.0
De,1.0,1.0,0.0
피파,1.0,1.0,0.0
피파4,1.0,1.0,0.0
피파온라인,1.0,1.0,0.0
December,1.0,1.0,0.0
Distant,2.0,2.0,0.0
Don,2.0,2.0,0.0
Done,2.0,2.0,0.0
Duble,1.0,1.0,0.0
액션씬,1.0,1.0,0.0
앤톤,1.0,1.0,0.0
앨플렉스,1.0,1.0,0.0
악성유저,1.0,1.0,0.0
악질유저,1.0,1.0,0.0
알트,1.0,1.0,0.0
아프리카TV,1.0,1.0,0.0
하는데,1.0,1.0,0.0
까치좌,1.0,1.0,0.0
최대훈,1.0,1.0,0.0
체감,1.0,1.0,0.0
초대석,1.0,1.0,0.0
처먹어,1.0,1.0,0.0
중계,1.0,1.0,0.0
중독됐습니다,1.0,1.0,0.0
증명하는,1.0,1.0,0.0
나의,1.0,1.0,0.0
나팔바지,1.0,1.0,0.0
꿀챔프,1.0,1.0,0.0
꿀탱탱,1.0,1.0,0.0
꼬꼬갓,1.0,1.0,0.0
김시선,1.0,1.0,0.0
김장훈,1.0,1.0,0.0
김찬호,1.0,1.0,0.0
농심,1.0,1.0,0.0
니니지,1.0,1.0,0.0
노래,1.0,1.0,0.0
노래방,1.0,1.0,0.0
노매너,1.0,1.0,0.0
노페,1.0,1.0,0.0
직전에,1.0,1.0,0.0
나와,1.0,1.0,0.0
찬송가모음,1.0,1.0,0.0
찬송가전곡,1.0,1.0,0.0
찬양,2.0,2.0,0.0
집행검,1.0,1.0,0.0
찍었습니다,1.0,1.0,0.0
다이아,1.0,1.0,0.0
단군,1.0,1.0,0.0
단톡,1.0,1.0,0.0
두뇌게임,1.0,1.0,0.0
두치와뿌꾸,1.0,1.0,0.0
도파,2.0,2.0,0.0
도파랄로,1.0,1.0,0.0
도파카,1.0,1.0,0.0
도파파카,1.0,1.0,0.0
돌아온,2.0,2.0,0.0
도랄팤,1.0,1.0,0.0
축구,2.0,2.0,0.0
춘봉박,1.0,1.0,0.0
출연진,1.0,1.0,0.0
최종,1.0,1.0,0.0
최초공개,1.0,1.0,0.0
쵸비,1.0,1.0,0.0
동선,1.0,1.0,0.0
동준좌,1.0,1.0,0.0
대거,1.0,1.0,0.0
김부장5회미리보기,1.0,1.0,0.0
김부장5회예고,1.0,1.0,0.0
기프티콘,1.0,1.0,0.0
기회야,1.0,1.0,0.0
카사딘vs,1.0,1.0,0.0
충격적인,1.0,1.0,0.0
치유,1.0,1.0,0.0
주상욱,1.0,1.0,0.0
주키니,1.0,1.0,0.0
데포섭,1.0,1.0,0.0
더샤이,1.0,1.0,0.0
대머리,1.0,1.0,0.0
대머리도적,1.0,1.0,0.0
담원,1.0,1.0,0.0
당근좌,1.0,1.0,0.0
교환,1.0,1.0,0.0
구원,1.0,1.0,0.0
김뿡,1.0,1.0,0.0
정상에,1.0,1.0,0.0
제가,1.0,1.0,0.0
떴습니다,1.0,1.0,0.0
똘끼100,1.0,1.0,0.0
때로는,2.0,2.0,0.0
극장,1.0,1.0,0.0
극찬,1.0,1.0,0.0
군적금으로,1.0,1.0,0.0
그거,1.0,1.0,0.0
그냥노창,1.0,1.0,0.0
그리고,1.0,1.0,0.0
교이,1.0,1.0,0.0
교튜브,1.0,1.0,0.0
정글러,1.0,1.0,0.0
공격수,1.0,1.0,0.0
고수,1.0,1.0,0.0
고수진,1.0,1.0,0.0
글자,3.0,3.0,0.0
글자네,2.0,2.0,0.0
기쁨,1.0,1.0,0.0
기아,1.0,1.0,0.0
종겜,1.0,1.0,0.0
종합게임,1.0,1.0,0.0
좋은,1.0,1.0,0.0
조슨조시여,1.0,1.0,0.0
제국,1.0,1.0,0.0
제네,1.0,1.0,0.0
제드vs,1.0,1.0,0.0
정글,1.0,1.0,0.0
공포의,2.0,2.0,0.0
고인물,1.0,1.0,0.0
레전드,5.0,5.0,0.0
레드큐브,1.0,1.0,0.0
라이브코미디,1.0,1.0,0.0
랄튜브,1.0,1.0,0.0
띄웠으면,1.0,1.0,0.0
라살라스,1.0,1.0,0.0
광동프릭스,1.0,1.0,0.0
광야,1.0,1.0,0.0
괴물쥐,2.0,2.0,0.0
교육방송,1.0,1.0,0.0
공방,1.0,1.0,0.0
공성,1.0,1.0,0.0
공식,1.0,1.0,0.0
공포,1.0,1.0,0.0
레알클래스,1.0,1.0,0.0
레이븐,1.0,1.0,0.0
케이티,1.0,1.0,0.0
케인,1.0,1.0,0.0
캡틴잭,1.0,1.0,0.0
캬하하,1.0,1.0,0.0
관전,1.0,1.0,0.0
광동,1.0,1.0,0.0
떠난,1.0,1.0,0.0
떴냐,1.0,1.0,0.0
디셈버,1.0,1.0,0.0
디즈니플러스,1.0,1.0,0.0
디플,1.0,1.0,0.0
디플러스,1.0,1.0,0.0
듣기,3.0,3.0,0.0
들려줘,1.0,1.0,0.0
코미디,1.0,1.0,0.0
갔다,1.0,1.0,0.0
감사,1.0,1.0,0.0
감스트,2.0,2.0,0.0
간의,1.0,1.0,0.0
zerg,1.0,1.0,0.0
가는,3.0,3.0,0.0
가능성,1.0,1.0,0.0
거야,1.0,1.0,0.0
같다면,1.0,1.0,0.0
같은,1.0,1.0,0.0
개그,1.0,1.0,0.0
개봉작,1.0,1.0,0.0
켠왕,1.0,1.0,0.0
켰습니다,1.0,1.0,0.0
코맨터리,1.0,1.0,0.0
클리어,1.0,1.0,0.0
콜오브카오스,1.0,1.0,0.0
퀄리티,1.0,1.0,0.0
큐브,1.0,1.0,0.0
큐브까지,1.0,1.0,0.0
결국,1.0,1.0,0.0
결심,1.0,1.0,0.0
겜스트,1.0,1.0,0.0
전역하자마자,1.0,1.0,0.0
전프시,1.0,1.0,0.0
점점,1.0,1.0,0.0
전략적팀전투,2.0,2.0,0.0
저라뎃,3.0,3.0,0.0
크레이지,1.0,1.0,0.0
클래스,2.0,2.0,0.0
클래식바람,1.0,1.0,0.0
uzuhama,1.0,1.0,0.0
tell,2.0,2.0,0.0
terran,1.0,1.0,0.0
tft,1.0,1.0,0.0
임재,1.0,1.0,0.0
임한별,1.0,1.0,0.0
임현식,1.0,1.0,0.0
인터내셔널,3.0,3.0,0.0
rooms,1.0,1.0,0.0
rp,1.0,1.0,0.0
worship,1.0,1.0,0.0
xx놈,1.0,1.0,0.0
your,2.0,2.0,0.0
view,1.0,1.0,0.0
world,1.0,1.0,0.0
update,1.0,1.0,0.0
롤리나잇,1.0,1.0,0.0
롤분토론,1.0,1.0,0.0
롤챔스,1.0,1.0,0.0
롤토체스,2.0,2.0,0.0
로얄스타일,1.0,1.0,0.0
롤더넥,1.0,1.0,0.0
레큐,1.0,1.0,0.0
skt,2.0,2.0,0.0
타골좌,1.0,1.0,0.0
클템,1.0,1.0,0.0
저챗,1.0,1.0,0.0
저튜브,1.0,1.0,0.0
장지환,1.0,1.0,0.0
재범군주,1.0,1.0,0.0
재현,1.0,1.0,0.0
저그,2.0,2.0,0.0
support,1.0,1.0,0.0
someply,1.0,1.0,0.0
spring,1.0,1.0,0.0
stellive,1.0,1.0,0.0
story,2.0,2.0,0.0
shinjihang,1.0,1.0,0.0
마블유튜버,1.0,1.0,0.0
마블유튜브,1.0,1.0,0.0
타임이즈골드,1.0,1.0,0.0
탈리야로도,1.0,1.0,0.0
탑강의,1.0,1.0,0.0
탑라인관리,1.0,1.0,0.0
탑라인전,1.0,1.0,0.0
stream,2.0,2.0,0.0
summer,1.0,1.0,0.0
sup,1.0,1.0,0.0
리니지W,1.0,1.0,0.0
리니지m,3.0,3.0,0.0
루머띵크,1.0,1.0,0.0
리그,3.0,3.0,0.0
리그오브레전드,11.0,11.0,0.0
마지막,2.0,2.0,0.0
탑에,1.0,1.0,0.0
태산,1.0,1.0,0.0
일말의,1.0,1.0,0.0
리뷰데스크,1.0,1.0,0.0
리브샌박,1.0,1.0,0.0
리븐,1.0,1.0,0.0
리븐강의,1.0,1.0,0.0
리니지불도그,1.0,1.0,0.0
리니지집행검,1.0,1.0,0.0
리니지2M,1.0,1.0,0.0
new,1.0,1.0,0.0
no,1.0,1.0,0.0
online,4.0,4.0,0.0
텔론,1.0,1.0,0.0
템셋팅,2.0,2.0,0.0
토너먼트,1.0,1.0,0.0
톡톡쏙쏙,1.0,1.0,0.0
테란,1.0,1.0,0.0
police,1.0,1.0,0.0
praise,1.0,1.0,0.0
protoss,1.0,1.0,0.0
ps,1.0,1.0,0.0
open,1.0,1.0,0.0
paka,1.0,1.0,0.0
pc리니지,1.0,1.0,0.0
need,1.0,1.0,0.0
인도하심,1.0,1.0,0.0
인범,3.0,3.0,0.0
이재석,1.0,1.0,0.0
이재완,1.0,1.0,0.0
이한,1.0,1.0,0.0
이상호,2.0,2.0,0.0
rf온라인,1.0,1.0,0.0
roam,1.0,1.0,0.0
마음,1.0,1.0,0.0
마이크체크,1.0,1.0,0.0
마블띵크,1.0,1.0,0.0
마블영화,1.0,1.0,0.0
리븐장인,1.0,1.0,0.0
리우,1.0,1.0,0.0
린2M,1.0,1.0,0.0
인기,1.0,1.0,0.0
missions,1.0,1.0,0.0
lineage,1.0,1.0,0.0
live,6.0,6.0,0.0
livestream,1.0,1.0,0.0
leagueoflegends,1.0,1.0,0.0
lec,1.0,1.0,0.0
pubg,1.0,1.0,0.0
모바일게임,2.0,2.0,0.0
gta,25.0,25.0,0.0
gtalive,1.0,1.0,0.0
mod,1.0,1.0,0.0
mode,1.0,1.0,0.0
mods,2.0,2.0,0.0
lordnine,1.0,1.0,0.0
lpl,1.0,1.0,0.0
mission,1.0,1.0,0.0
이번엔,1.0,1.0,0.0
이별하러,2.0,2.0,0.0
먹었습니다,1.0,1.0,0.0
메들리,1.0,1.0,0.0
말씀송,1.0,1.0,0.0
맞냐,1.0,1.0,0.0
만만,2.0,2.0,0.0
모르가나,1.0,1.0,0.0
테섭,1.0,1.0,0.0
테스터훈,2.0,2.0,0.0
이석현,1.0,1.0,0.0
이시아,1.0,1.0,0.0
이야기,1.0,1.0,0.0
이유,1.0,1.0,0.0
이모트,1.0,1.0,0.0
이민정,1.0,1.0,0.0
음문석,3.0,3.0,0.0
윤가놈의,1.0,1.0,0.0
윤경호,1.0,1.0,0.0
므시,1.0,1.0,0.0
미니,1.0,1.0,0.0
미연,1.0,1.0,0.0
문상훈,1.0,1.0,0.0
문학의밤,1.0,1.0,0.0
if,2.0,2.0,0.0
gtaonline,1.0,1.0,0.0
heaven,2.0,2.0,0.0
hope,2.0,2.0,0.0
gameplay,5.0,5.0,0.0
gaming,1.0,1.0,0.0
gangster,1.0,1.0,0.0
은혜,2.0,2.0,0.0
율음,1.0,1.0,0.0
은석,1.0,1.0,0.0
cosmosy,1.0,1.0,0.0
dk모바일리본,1.0,1.0,0.0
korea,1.0,1.0,0.0
hyeminsong,1.0,1.0,0.0
hymns,1.0,1.0,0.0
idle,1.0,1.0,0.0
모음,2.0,2.0,0.0
목적이,1.0,1.0,0.0
메인예고편,2.0,2.0,0.0
메이플1,1.0,1.0,0.0
이도원,1.0,1.0,0.0
이라333,1.0,1.0,0.0
이거,1.0,1.0,0.0
윤수빈,1.0,1.0,0.0
틀어줘,1.0,1.0,0.0
티저예고편,1.0,1.0,0.0
튜브,1.0,1.0,0.0
chaos,1.0,1.0,0.0
chase,1.0,1.0,0.0
class,1.0,1.0,0.0
comedy,2.0,2.0,0.0
commentary,1.0,1.0,0.0
fivem,1.0,1.0,0.0
free,1.0,1.0,0.0
ft,1.0,1.0,0.0
game,1.0,1.0,0.0
epic,1.0,1.0,0.0
fc,1.0,1.0,0.0
dopa,2.0,2.0,0.0
dream,2.0,2.0,0.0
발스타,1.0,1.0,0.0
발스타홍구,1.0,1.0,0.0
밝혀졌다,1.0,1.0,0.0
band,1.0,1.0,0.0
best,1.0,1.0,0.0
ZUTOMAYO,1.0,1.0,0.0
action,1.0,1.0,0.0
fc온라인,1.0,1.0,0.0
뭔지,1.0,1.0,0.0
뮤비,1.0,1.0,0.0
뮤직비디오,1.0,1.0,0.0
무비,1.0,1.0,0.0
무비띵크,1.0,1.0,0.0
무서운,1.0,1.0,0.0
못하겠습니다,1.0,1.0,0.0
무기,1.0,1.0,0.0
베스트모먼트,1.0,1.0,0.0
방종우,1.0,1.0,0.0
배그,9.0,9.0,0.0
배그멸망전,1.0,1.0,0.0
배혜지,1.0,1.0,0.0
운학,1.0,1.0,0.0
울챔스,1.0,1.0,0.0
울프,1.0,1.0,0.0
원거리딜러,1.0,1.0,0.0
원빈,1.0,1.0,0.0
원재,1.0,1.0,0.0
벨로드,1.0,1.0,0.0
별이될께,1.0,1.0,0.0
병맛게임,1.0,1.0,0.0
보겸,1.0,1.0,0.0
베스트,1.0,1.0,0.0
민니,1.0,1.0,0.0
민지가,1.0,1.0,0.0
유병재,1.0,1.0,0.0
위클리,2.0,2.0,0.0
유규선,1.0,1.0,0.0
월드,1.0,1.0,0.0
월드챔피언십,1.0,1.0,0.0
웹예능,1.0,1.0,0.0
caps,1.0,1.0,0.0
car,1.0,1.0,0.0
ccm,1.0,1.0,0.0
apdo,1.0,1.0,0.0
박진영,1.0,1.0,0.0
바로,1.0,1.0,0.0
믹슈,3.0,3.0,0.0
민교,1.0,1.0,0.0
파카,2.0,2.0,0.0
파카랄로,1.0,1.0,0.0
Tears,2.0,2.0,0.0
Teaser,1.0,1.0,0.0
TAESAN,1.0,1.0,0.0
TFT,1.0,1.0,0.0
Sung,2.0,2.0,0.0
Swings,1.0,1.0,0.0
Two,1.0,1.0,0.0
Untara,1.0,1.0,0.0
VS,1.0,1.0,0.0
파급효과2,1.0,1.0,0.0
트페vs,1.0,1.0,0.0
팡이,1.0,1.0,0.0
패스밴더,1.0,1.0,0.0
파이널,1.0,1.0,0.0
Youngbae,1.0,1.0,0.0
What,2.0,2.0,0.0
With,1.0,1.0,0.0
Wolf,1.0,1.0,0.0
World,1.0,1.0,0.0
WONBIN,1.0,1.0,0.0
WOONHAK,1.0,1.0,0.0
WORLDS,1.0,1.0,0.0
워쉽,1.0,1.0,0.0
우승자,1.0,1.0,0.0
YULEUM,1.0,1.0,0.0
YUQI,1.0,1.0,0.0
Ye,1.0,1.0,0.0
Yeolmu,1.0,1.0,0.0
Yoonhyuk,1.0,1.0,0.0
You,2.0,2.0,0.0
Rhythm,2.0,2.0,0.0
Ripple,3.0,3.0,0.0
SECRET,1.0,1.0,0.0
편집자,1.0,1.0,0.0
평화,1.0,1.0,0.0
포니,1.0,1.0,0.0
포르쉐,1.0,1.0,0.0
포커,1.0,1.0,0.0
SUNGCHAN,1.0,1.0,0.0
SUNGHO,1.0,1.0,0.0
SUNGSIKYUNG,1.0,1.0,0.0
SHOTARO,1.0,1.0,0.0
SHUHUA,1.0,1.0,0.0
SKT,2.0,2.0,0.0
SNL,1.0,1.0,0.0
SOHEE,1.0,1.0,0.0
본캐,3.0,3.0,0.0
보이넥스트도어,1.0,1.0,0.0
보혈,1.0,1.0,0.0
Sidekick,1.0,1.0,0.0
Smeb,1.0,1.0,0.0
SOYEON,1.0,1.0,0.0
SSK,1.0,1.0,0.0
SUMMERSWAG,1.0,1.0,0.0
Sometimes,1.0,1.0,0.0
Sooyong,1.0,1.0,0.0
운영자도,1.0,1.0,0.0
운타라,1.0,1.0,0.0
요약,1.0,1.0,0.0
우기,1.0,1.0,0.0
외계인,3.0,3.0,0.0
복음,1.0,1.0,0.0
Performance,4.0,4.0,0.0
On,1.0,1.0,0.0
Own,2.0,2.0,0.0
POG,1.0,1.0,0.0
POP,1.0,1.0,0.0
PSY,1.0,1.0,0.0
Nochang,1.0,1.0,0.0
Seo,1.0,1.0,0.0
MCU,1.0,1.0,0.0
MC몽,1.0,1.0,0.0
MIC,2.0,2.0,0.0
QLRQHTM,1.0,1.0,0.0
RIIZE,2.0,2.0,0.0
RIWOO,1.0,1.0,0.0
PUBG,1.0,1.0,0.0
Paradise,1.0,1.0,0.0
비컴퍼니,1.0,1.0,0.0
블랙큐브,1.0,1.0,0.0
블큐,1.0,1.0,0.0
브래킷,1.0,1.0,0.0
브리온,1.0,1.0,0.0
살아있었어,1.0,1.0,0.0
삼촌이,1.0,1.0,0.0
MC,2.0,2.0,0.0
패자조,1.0,1.0,0.0
보라,1.0,1.0,0.0
빌런,1.0,1.0,0.0
빌런스타리그,1.0,1.0,0.0
빙그레,1.0,1.0,0.0
빠른별,1.0,1.0,0.0
비매너,1.0,1.0,0.0
비장한,1.0,1.0,0.0
서열무,1.0,1.0,0.0
서포터,1.0,1.0,0.0
샤이,1.0,1.0,0.0
서머,1.0,1.0,0.0
서버종료하는,1.0,1.0,0.0
서수민,1.0,1.0,0.0
서수민이,1.0,1.0,0.0
색칠해서,1.0,1.0,0.0
옛메,1.0,1.0,0.0
오딘,1.0,1.0,0.0
오르기까지의,1.0,1.0,0.0
예배,1.0,1.0,0.0
예측,1.0,1.0,0.0
섭종,1.0,1.0,0.0
성가,1.0,1.0,0.0
성령,1.0,1.0,0.0
빠칭코하는,1.0,1.0,0.0
뽑기,1.0,1.0,0.0
오프더레코드,1.0,1.0,0.0
올리세,1.0,1.0,0.0
올스타,1.0,1.0,0.0
오리아나vs,1.0,1.0,0.0
오버드라이브,1.0,1.0,0.0
옛날바람,1.0,1.0,0.0
Shin,1.0,1.0,0.0
Si,1.0,1.0,0.0
사람이,1.0,1.0,0.0
산으로,1.0,1.0,0.0
뽕뽑기,1.0,1.0,0.0
뿌꾸,1.0,1.0,0.0
사기맵,1.0,1.0,0.0
사냥,3.0,3.0,0.0
소지섭,2.0,2.0,0.0
소희,1.0,1.0,0.0
속는,1.0,1.0,0.0
속도,1.0,1.0,0.0
성호,1.0,1.0,0.0
소망,1.0,1.0,0.0
성시경,2.0,2.0,0.0
성시경유튜브,1.0,1.0,0.0
MOD,1.0,1.0,0.0
MONG,1.0,1.0,0.0
MV,2.0,2.0,0.0
Longplay,1.0,1.0,0.0
Lullaby,1.0,1.0,0.0
생명,1.0,1.0,0.0
손인욱,1.0,1.0,0.0
소연,1.0,1.0,0.0
MVP,1.0,1.0,0.0
Me,2.0,2.0,0.0
Memories,2.0,2.0,0.0
Min,3.0,3.0,0.0
Mong,1.0,1.0,0.0
More,2.0,2.0,0.0
MINNIE,1.0,1.0,0.0
MIYEON,1.0,1.0,0.0
LCK썸네일,1.0,1.0,0.0
Ko,1.0,1.0,0.0
Korea,1.0,1.0,0.0
Kpop,1.0,1.0,0.0
My,2.0,2.0,0.0
NC,1.0,1.0,0.0
NC소프트,1.0,1.0,0.0
NS,1.0,1.0,0.0
LOVIXX,1.0,1.0,0.0
LPLIX,1.0,1.0,0.0
LSB,1.0,1.0,0.0
Kwangdong,1.0,1.0,0.0
Kyung,1.0,1.0,0.0
LCK,2.0,2.0,0.0
LCK10주년,1.0,1.0,0.0
여자아이들,1.0,1.0,0.0
프로토스,1.0,1.0,0.0
포켓몬스터,1.0,1.0,0.0
LYON,1.0,1.0,0.0
Lee,6.0,6.0,0.0
Legends,1.0,1.0,0.0
Live,1.0,1.0,0.0
LEEHAN,1.0,1.0,0.0
LOL,5.0,5.0,0.0
연속,1.0,1.0,0.0
연속듣기,1.0,1.0,0.0
엽기전략,1.0,1.0,0.0
플레임,1.0,1.0,0.0
풀영상,1.0,1.0,0.0
퓨마,1.0,1.0,0.0
프레이,1.0,1.0,0.0
프로관전러,1.0,1.0,0.0
성찬,1.0,1.0,0.0
성캐,1.0,1.0,0.0
성캐쇼,1.0,1.0,0.0
영화리뷰,2.0,2.0,0.0
영화소개,1.0,1.0,0.0
영화제,2.0,2.0,0.0
영화추천,2.0,2.0,0.0
여호와여,1.0,1.0,0.0
스타포스,1.0,1.0,0.0
스타포스강화,1.0,1.0,0.0
스타홍구,1.0,1.0,0.0
스테이지,1.0,1.0,0.0
스킬,2.0,2.0,0.0
스타리그,1.0,1.0,0.0
스마일게이트,1.0,1.0,0.0
스맵,1.0,1.0,0.0
에오스블랙,1.0,1.0,0.0
에욱,1.0,1.0,0.0
없는,1.0,1.0,0.0
어드벤쳐,1.0,1.0,0.0
어린이,1.0,1.0,0.0
앨플릭스,1.0,1.0,0.0
양민좌,1.0,1.0,0.0
스타크래프트리마스터,1.0,1.0,0.0
순위,1.0,1.0,0.0
술래,1.0,1.0,0.0
쇼타로,1.0,1.0,0.0
수삼티비,1.0,1.0,0.0
쇼메이커,1.0,1.0,0.0
에공삼,1.0,1.0,0.0
에오스,1.0,1.0,0.0
에오스레드,1.0,1.0,0.0
엔씨,1.0,1.0,0.0
엔포커,1.0,1.0,0.0
엘플렉스,1.0,1.0,0.0
엘플릭스,1.0,1.0,0.0
엪온,1.0,1.0,0.0
수찬,1.0,1.0,0.0
수탉,1.0,1.0,0.0
수탉tv,1.0,1.0,0.0
스낵무비,1.0,1.0,0.0
시련,1.0,1.0,0.0
승리,1.0,1.0,0.0
승자조,1.0,1.0,0.0
시네마,1.0,1.0,0.0
스포츠,1.0,1.0,0.0
스프링,1.0,1.0,0.0
슬롯,1.0,1.0,0.0
IDLE,1.0,1.0,0.0
If,2.0,2.0,0.0
In,4.0,4.0,0.0
Injae,1.0,1.0,0.0
Hurts,2.0,2.0,0.0
피오라강의,1.0,1.0,0.0
피온,1.0,1.0,0.0
프리뷰,1.0,1.0,0.0
KT,1.0,1.0,0.0
KYOE,1.0,1.0,0.0
Ivory,1.0,1.0,0.0
JAEHYUN,1.0,1.0,0.0
Jen,1.0,1.0,0.0
Jeong,3.0,3.0,0.0
John,1.0,1.0,0.0
Hymns,1.0,1.0,0.0
스윙스,1.0,1.0,0.0
스쿼드,3.0,3.0,0.0
스크,1.0,1.0,0.0
숨긴,1.0,1.0,0.0
슈퍼히어로,1.0,1.0,0.0
슈화,1.0,1.0,0.0
KDF,1.0,1.0,0.0
KOZ,1.0,1.0,0.0
신작,1.0,1.0,0.0
신지드,1.0,1.0,0.0
신직업,1.0,1.0,0.0
시즌2,1.0,1.0,0.0
시청자참여,1.0,1.0,0.0
시크릿보드룸,1.0,1.0,0.0
알파고,2.0,2.0,0.0
압도,1.0,1.0,0.0
EUNSEOK,1.0,1.0,0.0
EastWest,1.0,1.0,0.0
Effect2,3.0,3.0,0.0
FAME,2.0,2.0,0.0
Justlikethat,1.0,1.0,0.0
실력을,1.0,1.0,0.0
실황,1.0,1.0,0.0
신예영,1.0,1.0,0.0
HOLLDEM,1.0,1.0,0.0
GEN,1.0,1.0,0.0
GTA,1.0,1.0,0.0
FLSLWL,1.0,1.0,0.0
FUR,3.0,3.0,0.0
Faker,1.0,1.0,0.0
Feat,3.0,3.0,0.0
Freecs,1.0,1.0,0.0
스트라이커,1.0,1.0,0.0
싸이흠뻑쇼,1.0,1.0,0.0
쌓았습니다,1.0,1.0,0.0
CUBE,1.0,1.0,0.0
Champion,1.0,1.0,0.0
Chancellor,3.0,3.0,0.0
Check,1.0,1.0,0.0
HLE,1.0,1.0,0.0
10년,1.0,1.0,0.0
10CM,1.0,1.0,0.0
12,1.0,1.0,0.0
히어로,1.0,1.0,0.0
100,1.0,1.0,0.0
000스택,1.0,1.0,0.0
1라운드,1.0,1.0,0.0
해방했습니다,1.0,1.0,0.0
썸네일,1.0,1.0,0.0
썸머,1.0,1.0,0.0
씨씨엠,1.0,1.0,0.0
회복,1.0,1.0,0.0
20260704,1.0,1.0,0.0
현교수,1.0,1.0,0.0
25년만에,1.0,1.0,0.0
헬리오스,1.0,1.0,0.0
아케이드,1.0,1.0,0.0
아트록스강의,1.0,1.0,0.0
아이보리,1.0,1.0,0.0
아스달연대기,1.0,1.0,0.0
아델,1.0,1.0,0.0
아름다운,1.0,1.0,0.0
아무도,1.0,1.0,0.0
써머,1.0,1.0,0.0
BOYNEXTDOOR,2.0,2.0,0.0
BRO,1.0,1.0,0.0
Bang,1.0,1.0,0.0
BEST,1.0,1.0,0.0
BJ팡이,1.0,1.0,0.0
BJ팡이요,1.0,1.0,0.0
ANTON,1.0,1.0,0.0
한국,2.0,2.0,0.0
2023롤챔스,1.0,1.0,0.0
천상계,1.0,1.0,0.0
넷마블,1.0,1.0,0.0
남기고,1.0,1.0,0.0
챈슬러,2.0,2.0,0.0
챌린저스서버,1.0,1.0,0.0
참교육,1.0,1.0,0.0
찬송가,2.0,2.0,0.0
흥행기록,1.0,1.0,0.0
홍구스타,1.0,1.0,0.0
혓바닥터스,1.0,1.0,0.0
형님들께,1.0,1.0,0.0
혜안,1.0,1.0,0.0
2라운드,1.0,1.0,0.0
2일차,1.0,1.0,0.0
2023LCK,1.0,1.0,0.0
3주만에,1.0,1.0,0.0
5회,1.0,1.0,0.0
2집,1.0,1.0,0.0
37화,1.0,1.0,0.0
Brion,1.0,1.0,0.0
후기,2.0,2.0,0.0
후니,1.0,1.0,0.0
흔적에,1.0,1.0,0.0
한화생명,1.0,1.0,0.0
함예진,1.0,1.0,0.0
9집행,1.0,1.0,0.0
ACTIVATED,1.0,1.0,0.0
AD,1.0,1.0,0.0
ADIOS,1.0,1.0,0.0
ALLSTAR,1.0,1.0,0.0
68,1.0,1.0,0.0
힐링,1.0,0.0,-1.0
19,1.0,0.0,-1.0
1등,2.0,1.0,-1.0
1조팀,1.0,0.0,-1.0
1초,1.0,0.0,-1.0
1티어,1.0,0.0,-1.0
20,2.0,1.0,-1.0
200,1.0,0.0,-1.0
2000딜,1.0,0.0,-1.0
200층,1.0,0.0,-1.0
100씩,1.0,0.0,-1.0
현질,1.0,0.0,-1.0
혜령,1.0,0.0,-1.0
호갱을,1.0,0.0,-1.0
혼자,1.0,0.0,-1.0
10이야기꾼,1.0,0.0,-1.0
홍구야,1.0,0.0,-1.0
화내면,1.0,0.0,-1.0
한방에,1.0,0.0,-1.0
Anonymous,2.0,1.0,-1.0
Artists,2.0,1.0,-1.0
BAEK,1.0,0.0,-1.0
BLG는,1.0,0.0,-1.0
300찍고,1.0,0.0,-1.0
30랩,1.0,0.0,-1.0
하이브,1.0,0.0,-1.0
하이브레이블즈,1.0,0.0,-1.0
하트골드,1.0,0.0,-1.0
하필주강찬차를,1.0,0.0,-1.0
학살하는,1.0,0.0,-1.0
한국드라마,1.0,0.0,-1.0
한국은,1.0,0.0,-1.0
Choi,1.0,0.0,-1.0
Crest,1.0,0.0,-1.0
EP,2.0,1.0,-1.0
피흡의,1.0,0.0,-1.0
하는법,1.0,0.0,-1.0
Entertainment,1.0,0.0,-1.0
FPS,1.0,0.0,-1.0
Ga,4.0,3.0,-1.0
Girl,1.0,0.0,-1.0
CULTURE,1.0,0.0,-1.0
에임,1.0,0.0,-1.0
에임연습,1.0,0.0,-1.0
송가인아내의맛,1.0,0.0,-1.0
송가인아빠,1.0,0.0,-1.0
송가인어게인,1.0,0.0,-1.0
송가인엄마,1.0,0.0,-1.0
송가인예능,1.0,0.0,-1.0
송가인옷,1.0,0.0,-1.0
야생집,1.0,0.0,-1.0
어게인,1.0,0.0,-1.0
어게인팬클럽,1.0,0.0,-1.0
어느,1.0,0.0,-1.0
어떤가,1.0,0.0,-1.0
얻은,1.0,0.0,-1.0
없는데,1.0,0.0,-1.0
스키비디토일렛,1.0,0.0,-1.0
스키비디토일렛병맛더빙,1.0,0.0,-1.0
스킨,1.0,0.0,-1.0
앵보,1.0,0.0,-1.0
야생에,1.0,0.0,-1.0
승률,1.0,0.0,-1.0
시작,1.0,0.0,-1.0
시작되는,1.0,0.0,-1.0
시작하자마자,1.0,0.0,-1.0
숨듣명,1.0,0.0,-1.0
숨바꼭질,7.0,6.0,-1.0
스키비디,1.0,0.0,-1.0
스키비디병맛더빙,1.0,0.0,-1.0
성한수,1.0,0.0,-1.0
세계관은,1.0,0.0,-1.0
세탁소아저씨정체,1.0,0.0,-1.0
셔틀,1.0,0.0,-1.0
소멸,1.0,0.0,-1.0
소환해낸,1.0,0.0,-1.0
송가인가방,1.0,0.0,-1.0
여포왕,2.0,1.0,-1.0
열기,1.0,0.0,-1.0
영혼,2.0,1.0,-1.0
예능,2.0,1.0,-1.0
성장,1.0,0.0,-1.0
성큰러시,1.0,0.0,-1.0
성태,1.0,0.0,-1.0
쇼케이스,1.0,0.0,-1.0
수류탄이,1.0,0.0,-1.0
수영,1.0,0.0,-1.0
수진,1.0,0.0,-1.0
수현,1.0,0.0,-1.0
숨겨진,1.0,0.0,-1.0
여기서,1.0,0.0,-1.0
여캠,1.0,0.0,-1.0
송가인유튜브,1.0,0.0,-1.0
송가인일상,1.0,0.0,-1.0
송가인조공,1.0,0.0,-1.0
송가인진도,1.0,0.0,-1.0
송가인채널,1.0,0.0,-1.0
송가인트로트,1.0,0.0,-1.0
송가인팬클럽,1.0,0.0,-1.0
송가인행사,1.0,0.0,-1.0
사이하대전투,1.0,0.0,-1.0
산책할때듣는노래,1.0,0.0,-1.0
살아남는,1.0,0.0,-1.0
상대,2.0,1.0,-1.0
상대가,1.0,0.0,-1.0
상황극,2.0,1.0,-1.0
불꽃타입,1.0,0.0,-1.0
브레이킹,1.0,0.0,-1.0
오지랖,1.0,0.0,-1.0
올AD,1.0,0.0,-1.0
빠져나오는,1.0,0.0,-1.0
빡쳤고,1.0,0.0,-1.0
빡태,1.0,0.0,-1.0
뺏어봤습니다,1.0,0.0,-1.0
사기판,1.0,0.0,-1.0
서양은,1.0,0.0,-1.0
선바,1.0,0.0,-1.0
선배후배,1.0,0.0,-1.0
설레는,1.0,0.0,-1.0
예술의,1.0,0.0,-1.0
예약구매,1.0,0.0,-1.0
오노추,1.0,0.0,-1.0
오브,3.0,2.0,-1.0
송가인노래,1.0,0.0,-1.0
송가인레전드,1.0,0.0,-1.0
송가인메들리,1.0,0.0,-1.0
송가인브이로그,1.0,0.0,-1.0
상황나옴,1.0,0.0,-1.0
생각을,1.0,0.0,-1.0
생방송,2.0,1.0,-1.0
생존,1.0,0.0,-1.0
울트라에디션,1.0,0.0,-1.0
웃긴,1.0,0.0,-1.0
웅플레이어,1.0,0.0,-1.0
배틀그라운드,3.0,2.0,-1.0
백룸,1.0,0.0,-1.0
백아연,1.0,0.0,-1.0
분노의,1.0,0.0,-1.0
옵티파인,1.0,0.0,-1.0
왕따,1.0,0.0,-1.0
왕연합,1.0,0.0,-1.0
왕혈,1.0,0.0,-1.0
요네,1.0,0.0,-1.0
요원,1.0,0.0,-1.0
복사하세요,1.0,0.0,-1.0
봉쌤,1.0,0.0,-1.0
봉하,1.0,0.0,-1.0
봉훈이,1.0,0.0,-1.0
부분을,1.0,0.0,-1.0
부캐,1.0,0.0,-1.0
부키,1.0,0.0,-1.0
북한자객,1.0,0.0,-1.0
블레이드앤소울,1.0,0.0,-1.0
블소,1.0,0.0,-1.0
비밀,1.0,0.0,-1.0
비하인드,3.0,2.0,-1.0
보스,3.0,2.0,-1.0
보여드리겠습니다,1.0,0.0,-1.0
박만사,1.0,0.0,-1.0
박영광,1.0,0.0,-1.0
발로,1.0,0.0,-1.0
밝혀집니다,1.0,0.0,-1.0
방어력,1.0,0.0,-1.0
몬스터,1.0,0.0,-1.0
민지납치,1.0,0.0,-1.0
민지생존,1.0,0.0,-1.0
민지실종,1.0,0.0,-1.0
밀리해요,1.0,0.0,-1.0
바보,1.0,0.0,-1.0
바이올린,1.0,0.0,-1.0
바이퍼,1.0,0.0,-1.0
박도지,1.0,0.0,-1.0
위로,1.0,0.0,-1.0
윈브,1.0,0.0,-1.0
유닛을,1.0,0.0,-1.0
유봉훈,1.0,0.0,-1.0
유주,1.0,0.0,-1.0
유주팬클럽,1.0,0.0,-1.0
유즈맵에서,1.0,0.0,-1.0
번아웃,1.0,0.0,-1.0
벙커차,1.0,0.0,-1.0
벙커카,1.0,0.0,-1.0
병맛더빙,1.0,0.0,-1.0
원래,1.0,0.0,-1.0
월드컵,1.0,0.0,-1.0
웹툰,1.0,0.0,-1.0
웹툰원작드라마,1.0,0.0,-1.0
모던하우스,1.0,0.0,-1.0
모드리뷰,1.0,0.0,-1.0
모드쇼케이스,1.0,0.0,-1.0
모든,1.0,0.0,-1.0
모든타입,1.0,0.0,-1.0
모았습니다,1.0,0.0,-1.0
이나리,1.0,0.0,-1.0
이딴걸,1.0,0.0,-1.0
이렇게,1.0,0.0,-1.0
메린이,1.0,0.0,-1.0
미챠,1.0,0.0,-1.0
육성,3.0,2.0,-1.0
윤가놈,2.0,1.0,-1.0
윤진석,2.0,1.0,-1.0
은밀한,1.0,0.0,-1.0
음악추천,1.0,0.0,-1.0
이게,2.0,1.0,-1.0
무기삽니다,1.0,0.0,-1.0
무려,1.0,0.0,-1.0
무친,1.0,0.0,-1.0
무패,1.0,0.0,-1.0
무패상대,1.0,0.0,-1.0
무한다이노,1.0,0.0,-1.0
미션,1.0,0.0,-1.0
린마스터,1.0,0.0,-1.0
마나무네,1.0,0.0,-1.0
마방88,1.0,0.0,-1.0
마스터,3.0,2.0,-1.0
마스터이,1.0,0.0,-1.0
마인크래프트깔수,1.0,0.0,-1.0
이즈리얼,1.0,0.0,-1.0
이후,1.0,0.0,-1.0
인디음악,1.0,0.0,-1.0
인디음악추천,1.0,0.0,-1.0
인디팝,1.0,0.0,-1.0
리센느,1.0,0.0,-1.0
린마,1.0,0.0,-1.0
만만이,1.0,0.0,-1.0
만만즈,1.0,0.0,-1.0
만찬가,1.0,0.0,-1.0
매차,1.0,0.0,-1.0
매챠,1.0,0.0,-1.0
이빨이랑,1.0,0.0,-1.0
막부,1.0,0.0,-1.0
막습니다,1.0,0.0,-1.0
만나다,1.0,0.0,-1.0
만들었다는,1.0,0.0,-1.0
만만리니지,1.0,0.0,-1.0
만만업,1.0,0.0,-1.0
플레이스테이션,1.0,0.0,-1.0
플리,1.0,0.0,-1.0
플리추천,1.0,0.0,-1.0
피가,1.0,0.0,-1.0
피닉스,1.0,0.0,-1.0
HYUNBIN,1.0,0.0,-1.0
Ho,1.0,0.0,-1.0
Lineage,1.0,0.0,-1.0
LineageM,1.0,0.0,-1.0
포켓로그,1.0,0.0,-1.0
포켓로그공략,1.0,0.0,-1.0
푸딩제리,1.0,0.0,-1.0
프로,1.0,0.0,-1.0
플레이리스트,1.0,0.0,-1.0
Kaive,1.0,0.0,-1.0
KoreanIndie,1.0,0.0,-1.0
LABELS,1.0,0.0,-1.0
LISTEN,1.0,0.0,-1.0
League,2.0,1.0,-1.0
Official,3.0,2.0,-1.0
Pop,1.0,0.0,-1.0
Pretty,1.0,0.0,-1.0
REMAKE,1.0,0.0,-1.0
RESCENE,1.0,0.0,-1.0
Lyric,1.0,0.0,-1.0
Minecraft,1.0,0.0,-1.0
레테,17.0,16.0,-1.0
렝가,1.0,0.0,-1.0
렝가장인,1.0,0.0,-1.0
로드나인,3.0,2.0,-1.0
로벅스,1.0,0.0,-1.0
로블,1.0,0.0,-1.0
로블계,1.0,0.0,-1.0
로블도어즈,1.0,0.0,-1.0
잘하는법,2.0,1.0,-1.0
잘해요,1.0,0.0,-1.0
잡고,1.0,0.0,-1.0
잡아서,1.0,0.0,-1.0
장인을,1.0,0.0,-1.0
레전드판,1.0,0.0,-1.0
리듬,1.0,0.0,-1.0
리듬게임,1.0,0.0,-1.0
리마스터,1.0,0.0,-1.0
인테리어,1.0,0.0,-1.0
일타봉쌤,1.0,0.0,-1.0
마인크래프트모드,1.0,0.0,-1.0
리니지2,1.0,0.0,-1.0
리니지M,3.0,2.0,-1.0
리니지M내가수영,1.0,0.0,-1.0
리니지M수영,1.0,0.0,-1.0
리니지내가수영,1.0,0.0,-1.0
리니지리마스터,1.0,0.0,-1.0
리니지수영,1.0,0.0,-1.0
라이즈,3.0,2.0,-1.0
락스타,1.0,0.0,-1.0
락앤롤,1.0,0.0,-1.0
랑쯔,1.0,0.0,-1.0
레디,1.0,0.0,-1.0
레벨,1.0,0.0,-1.0
레비얀,1.0,0.0,-1.0
드립팀,1.0,0.0,-1.0
적들이,1.0,0.0,-1.0
전세계,1.0,0.0,-1.0
전쓰트,1.0,0.0,-1.0
점프맵,1.0,0.0,-1.0
뜯는,1.0,0.0,-1.0
라고,1.0,0.0,-1.0
라더,1.0,0.0,-1.0
롤렝가,1.0,0.0,-1.0
롤탑렝가,1.0,0.0,-1.0
료미,1.0,0.0,-1.0
장인초대석,2.0,1.0,-1.0
재밌는,1.0,0.0,-1.0
저스트채팅,1.0,0.0,-1.0
로블록스도어즈,1.0,0.0,-1.0
로블록스정보,1.0,0.0,-1.0
로블상황극,1.0,0.0,-1.0
로블정보,1.0,0.0,-1.0
로스트아크,1.0,0.0,-1.0
로아,1.0,0.0,-1.0
로희,1.0,0.0,-1.0
듀오,1.0,0.0,-1.0
드라마리뷰,1.0,0.0,-1.0
드라마분석,1.0,0.0,-1.0
드라마예고,1.0,0.0,-1.0
드라마추천,2.0,1.0,-1.0
드라이브노래,1.0,0.0,-1.0
달리기,1.0,0.0,-1.0
좀비,1.0,0.0,-1.0
도건,1.0,0.0,-1.0
도건TV,1.0,0.0,-1.0
도건여포왕,1.0,0.0,-1.0
도건왕팀,1.0,0.0,-1.0
도어즈,1.0,0.0,-1.0
도전,1.0,0.0,-1.0
동물병원에,1.0,0.0,-1.0
조복래,1.0,0.0,-1.0
조사파,1.0,0.0,-1.0
조선시대,1.0,0.0,-1.0
조성태,1.0,0.0,-1.0
조인범,1.0,0.0,-1.0
조준점,1.0,0.0,-1.0
조평견,1.0,0.0,-1.0
들어봐,1.0,0.0,-1.0
디다,1.0,0.0,-1.0
때마다,1.0,0.0,-1.0
또이,1.0,0.0,-1.0
뚜까랜덤,1.0,0.0,-1.0
정령의축복,1.0,0.0,-1.0
진짜,1.0,0.0,-1.0
노래추천,1.0,0.0,-1.0
누구,1.0,0.0,-1.0
뉴네임옥션,1.0,0.0,-1.0
니딸찾냐,1.0,0.0,-1.0
다시,1.0,0.0,-1.0
즐겁게,1.0,0.0,-1.0
증명하러갑니다,1.0,0.0,-1.0
증명해버리다,1.0,0.0,-1.0
지금,1.0,0.0,-1.0
지식백과,1.0,0.0,-1.0
지아,1.0,0.0,-1.0
지우고,1.0,0.0,-1.0
진실이,1.0,0.0,-1.0
더블딜러,1.0,0.0,-1.0
덕개,1.0,0.0,-1.0
주말드라마,1.0,0.0,-1.0
주민,1.0,0.0,-1.0
주혁이랑,1.0,0.0,-1.0
주혜리,1.0,0.0,-1.0
쥐식백과,1.0,0.0,-1.0
당하겠냐,1.0,0.0,-1.0
대네요,1.0,0.0,-1.0
대륙의,1.0,0.0,-1.0
대박박,1.0,0.0,-1.0
대저택,1.0,0.0,-1.0
대저택과,1.0,0.0,-1.0
댓글창,1.0,0.0,-1.0
내가빡태,1.0,0.0,-1.0
내가수영TV,1.0,0.0,-1.0
내가수진,1.0,0.0,-1.0
내보내줘,1.0,0.0,-1.0
냉동창고,1.0,0.0,-1.0
너드커넥션,1.0,0.0,-1.0
챌린저스,4.0,3.0,-1.0
난닝구,1.0,0.0,-1.0
난이도,1.0,0.0,-1.0
남군,1.0,0.0,-1.0
남실장,1.0,0.0,-1.0
남캠,1.0,0.0,-1.0
남파공작원,1.0,0.0,-1.0
내가,2.0,1.0,-1.0
창구라,1.0,0.0,-1.0
창현,2.0,1.0,-1.0
창현가이아격노,1.0,0.0,-1.0
창현격노,1.0,0.0,-1.0
창현리니지,1.0,0.0,-1.0
창현리니지M,1.0,0.0,-1.0
찾냐,1.0,0.0,-1.0
다시보기,2.0,1.0,-1.0
다크아칸으로,1.0,0.0,-1.0
단일,1.0,0.0,-1.0
찍고,1.0,0.0,-1.0
차는,1.0,0.0,-1.0
차량,1.0,0.0,-1.0
차를,1.0,0.0,-1.0
편의점,1.0,0.0,-1.0
평생,1.0,0.0,-1.0
평택항,1.0,0.0,-1.0
SENO,1.0,0.0,-1.0
Sleepground,1.0,0.0,-1.0
Noir,1.0,0.0,-1.0
TeamfightTactics,1.0,0.0,-1.0
파산,1.0,0.0,-1.0
파산시키는,1.0,0.0,-1.0
파티,1.0,0.0,-1.0
판타지,1.0,0.0,-1.0
팔았습니다,1.0,0.0,-1.0
팡이요의,1.0,0.0,-1.0
Stone,1.0,0.0,-1.0
T1은,1.0,0.0,-1.0
TAG,1.0,0.0,-1.0
TEKKEN,1.0,0.0,-1.0
TRPG,1.0,0.0,-1.0
TV,1.0,0.0,-1.0
Wave,1.0,0.0,-1.0
YEON,1.0,0.0,-1.0
Young,2.0,1.0,-1.0
Song,4.0,3.0,-1.0
Special,1.0,0.0,-1.0
Starcraft,2.0,1.0,-1.0
꼽주는건가요,1.0,0.0,-1.0
꼽주는게임,1.0,0.0,-1.0
꽃이,1.0,0.0,-1.0
꿈틀꿈틀,1.0,0.0,-1.0
끝날,1.0,0.0,-1.0
나다빡태,1.0,0.0,-1.0
나다빡태TV,1.0,0.0,-1.0
체임버,1.0,0.0,-1.0
초가스에서,1.0,0.0,-1.0
초보,1.0,0.0,-1.0
최강자는,1.0,0.0,-1.0
최소컷,1.0,0.0,-1.0
깡패,1.0,0.0,-1.0
철구,1.0,0.0,-1.0
철권8,1.0,0.0,-1.0
철권태그,1.0,0.0,-1.0
청량한노래,1.0,0.0,-1.0
청묘,1.0,0.0,-1.0
청묘님,1.0,0.0,-1.0
청소,1.0,0.0,-1.0
청춘,1.0,0.0,-1.0
너야,1.0,0.0,-1.0
네이버웹툰,1.0,0.0,-1.0
네이버웹툰김부장,1.0,0.0,-1.0
처음,1.0,0.0,-1.0
처음부터,1.0,0.0,-1.0
천상계CK에서,1.0,0.0,-1.0
김부장예고편,1.0,0.0,-1.0
김부장원작,1.0,0.0,-1.0
김부장원작비교,1.0,0.0,-1.0
김부장웹툰,1.0,0.0,-1.0
김부장줄거리,1.0,0.0,-1.0
김부장총정리,1.0,0.0,-1.0
김블루,1.0,0.0,-1.0
김부장결말,1.0,0.0,-1.0
김부장드라마,1.0,0.0,-1.0
김부장리뷰,1.0,0.0,-1.0
김부장분석,1.0,0.0,-1.0
김부장스포,1.0,0.0,-1.0
김부장시즌2,1.0,0.0,-1.0
김부장액션,1.0,0.0,-1.0
김부장예고,2.0,1.0,-1.0
카멜래온,1.0,0.0,-1.0
김민지,1.0,0.0,-1.0
김부장3회,1.0,0.0,-1.0
김부장4화,1.0,0.0,-1.0
김부장4회예고,1.0,0.0,-1.0
김부장개그,1.0,0.0,-1.0
나츠키,1.0,0.0,-1.0
최악의,1.0,0.0,-1.0
최초의대적자,1.0,0.0,-1.0
추리,1.0,0.0,-1.0
취미,1.0,0.0,-1.0
칠각별,1.0,0.0,-1.0
카맬래온,1.0,0.0,-1.0
케이오,1.0,0.0,-1.0
케이오로,1.0,0.0,-1.0
코드네임,1.0,0.0,-1.0
콕끼리,1.0,0.0,-1.0
갖다,1.0,0.0,-1.0
개고수가,1.0,0.0,-1.0
개빡캐리해서,1.0,0.0,-1.0
개사기인,1.0,0.0,-1.0
괴물,2.0,1.0,-1.0
교은,2.0,1.0,-1.0
캐릭터,1.0,0.0,-1.0
캐인,1.0,0.0,-1.0
캐인렝가,1.0,0.0,-1.0
캔슬,1.0,0.0,-1.0
긍정적인노래,1.0,0.0,-1.0
경지,1.0,0.0,-1.0
계정,1.0,0.0,-1.0
고수달,1.0,0.0,-1.0
고점,1.0,0.0,-1.0
공략,2.0,1.0,-1.0
공짜,1.0,0.0,-1.0
김성희,1.0,0.0,-1.0
구조대가,1.0,0.0,-1.0
귀뚤톡크,1.0,0.0,-1.0
근가놈,1.0,0.0,-1.0
근본,1.0,0.0,-1.0
금강중학교,1.0,0.0,-1.0
금이빨,1.0,0.0,-1.0
금토드라마,1.0,0.0,-1.0
가인,1.0,0.0,-1.0
가인달,1.0,0.0,-1.0
가인이어라,1.0,0.0,-1.0
각독,1.0,0.0,-1.0
각별,1.0,0.0,-1.0
감도,1.0,0.0,-1.0
감성노래,1.0,0.0,-1.0
감시탑에서,1.0,0.0,-1.0
크림슨비스트,1.0,0.0,-1.0
클리셰,1.0,0.0,-1.0
키보드탈출,1.0,0.0,-1.0
킹아더,1.0,0.0,-1.0
타이쿤,1.0,0.0,-1.0
가사좋은노래,1.0,0.0,-1.0
가오나시티,1.0,0.0,-1.0
게임하자길래,1.0,0.0,-1.0
겜이냐,1.0,0.0,-1.0
겜창현,1.0,0.0,-1.0
겟앰프드,1.0,0.0,-1.0
콘텐츠,1.0,0.0,-1.0
콤보,2.0,1.0,-1.0
쿠레나이,1.0,0.0,-1.0
개사기팀,1.0,0.0,-1.0
건축,1.0,0.0,-1.0
걷지도,1.0,0.0,-1.0
게임,13.0,12.0,-1.0
게임방송,1.0,0.0,-1.0
게임에서,1.0,0.0,-1.0
게임즈,1.0,0.0,-1.0
게임추천,1.0,0.0,-1.0
on,1.0,0.0,-1.0
playlist,1.0,0.0,-1.0
pro,1.0,0.0,-1.0
rengar,1.0,0.0,-1.0
rgx,1.0,0.0,-1.0
legend,2.0,1.0,-1.0
탑렝가,1.0,0.0,-1.0
탑렝가매드무비캐인,1.0,0.0,-1.0
태연,1.0,0.0,-1.0
테크모,1.0,0.0,-1.0
텐코시부키,1.0,0.0,-1.0
템트리,1.0,0.0,-1.0
토츠,1.0,0.0,-1.0
토크방송,1.0,0.0,-1.0
yay,1.0,0.0,-1.0
yt,1.0,0.0,-1.0
roblox,1.0,0.0,-1.0
rpg,1.0,0.0,-1.0
seuran,1.0,0.0,-1.0
감컴,1.0,0.0,-1.0
갑니다,1.0,0.0,-1.0
강국철,1.0,0.0,-1.0
tuki,1.0,0.0,-1.0
twitch,1.0,0.0,-1.0
woongplayer,1.0,0.0,-1.0
팀대저택,1.0,0.0,-1.0
팀플,1.0,0.0,-1.0
팀플레이,1.0,0.0,-1.0
파도의,1.0,0.0,-1.0
VALORANT,1.0,0.0,-1.0
Visualizer,1.0,0.0,-1.0
Vol,1.0,0.0,-1.0
c1,1.0,0.0,-1.0
cc,1.0,0.0,-1.0
트로트,1.0,0.0,-1.0
트로트송가인,1.0,0.0,-1.0
트로트유튜브,1.0,0.0,-1.0
트로피,1.0,0.0,-1.0
트롤,1.0,0.0,-1.0
특임국,1.0,0.0,-1.0
irelking,1.0,0.0,-1.0
korean,2.0,1.0,-1.0
doors,1.0,0.0,-1.0
feat,3.0,2.0,-1.0
Zia,1.0,0.0,-1.0
af유봉훈,1.0,0.0,-1.0
again,1.0,0.0,-1.0
anonymous,1.0,0.0,-1.0
lineageM,1.0,0.0,-1.0
maple,3.0,2.0,-1.0
maplestory,2.0,1.0,-1.0
mmorpg,2.0,1.0,-1.0
montage,1.0,0.0,-1.0
girlsnboys,1.0,0.0,-1.0
행돌,1.0,0.0,-1.0
향아치,1.0,0.0,-1.0
현빈,1.0,0.0,-1.0
현이머,1.0,0.0,-1.0
희망찬노래,1.0,0.0,-1.0
11z,1.0,0.0,-1.0
확정,1.0,0.0,-1.0
한번도,1.0,0.0,-1.0
항상,1.0,0.0,-1.0
해봤는데,1.0,0.0,-1.0
해봤습니다,2.0,1.0,-1.0
해줬습니다,1.0,0.0,-1.0
핵포킹,1.0,0.0,-1.0
했다,1.0,0.0,-1.0
54,1.0,0.0,-1.0
66,1.0,0.0,-1.0
6동특으로,1.0,0.0,-1.0
700렙,1.0,0.0,-1.0
73번,1.0,0.0,-1.0
99,1.0,0.0,-1.0
AI가,1.0,0.0,-1.0
30만원,1.0,0.0,-1.0
3기생,1.0,0.0,-1.0
3성,1.0,0.0,-1.0
3인,1.0,0.0,-1.0
3회,1.0,0.0,-1.0
5000억개를,1.0,0.0,-1.0
51요정,1.0,0.0,-1.0
실패인데,1.0,0.0,-1.0
싱어송라이터,1.0,0.0,-1.0
싸더라,1.0,0.0,-1.0
싸우기,1.0,0.0,-1.0
싸움독학,1.0,0.0,-1.0
쌈용,1.0,0.0,-1.0
스텔라이브3기생,1.0,0.0,-1.0
스트리밍,1.0,0.0,-1.0
액션드라마,1.0,0.0,-1.0
시즌4,1.0,0.0,-1.0
신곡추천,1.0,0.0,-1.0
신섭,1.0,0.0,-1.0
신성호,1.0,0.0,-1.0
신스킨,1.0,0.0,-1.0
신캐,1.0,0.0,-1.0
신특,1.0,0.0,-1.0
아직도,1.0,0.0,-1.0
아침에듣기좋은노래,1.0,0.0,-1.0
아티스트,2.0,1.0,-1.0
악마,1.0,0.0,-1.0
악마의킹,1.0,0.0,-1.0
악마킹,1.0,0.0,-1.0
악마한테,1.0,0.0,-1.0
안죽는,1.0,0.0,-1.0
아니면,1.0,0.0,-1.0
아버지,1.0,0.0,-1.0
아시아서버,1.0,0.0,-1.0
아오오니,1.0,0.0,-1.0
아이온,1.0,0.0,-1.0
아이템,1.0,0.0,-1.0
아저씨,1.0,0.0,-1.0
아오니,2.0,0.0,-2.0
4회,2.0,0.0,-2.0
ALL,3.0,1.0,-2.0
한번,2.0,0.0,-2.0
허들,2.0,0.0,-2.0
lol,5.0,3.0,-2.0
irelia,2.0,0.0,-2.0
you,3.0,1.0,-2.0
to,2.0,0.0,-2.0
대적자,2.0,0.0,-2.0
Right,2.0,0.0,-2.0
starcraft,3.0,1.0,-2.0
탈출맵,2.0,0.0,-2.0
league,3.0,1.0,-2.0
김성현,4.0,2.0,-2.0
커맨드,2.0,0.0,-2.0
칼바람,2.0,0.0,-2.0
챌린지,2.0,0.0,-2.0
TAEYEON,2.0,0.0,-2.0
Still,2.0,0.0,-2.0
Sunset,2.0,0.0,-2.0
Why,2.0,0.0,-2.0
깨기,2.0,0.0,-2.0
깝도이,2.0,0.0,-2.0
챌섭,5.0,3.0,-2.0
내려,2.0,0.0,-2.0
페이드,2.0,0.0,-2.0
OURS,2.0,0.0,-2.0
집사,2.0,0.0,-2.0
마플,2.0,0.0,-2.0
Have,2.0,0.0,-2.0
만들기,2.0,0.0,-2.0
장인,3.0,1.0,-2.0
저요,2.0,0.0,-2.0
저희도,2.0,0.0,-2.0
절대,2.0,0.0,-2.0
리듬세상,2.0,0.0,-2.0
제트,2.0,0.0,-2.0
조준선,2.0,0.0,-2.0
때까지,2.0,0.0,-2.0
주강찬,2.0,0.0,-2.0
07,2.0,0.0,-2.0
26,3.0,1.0,-2.0
06,2.0,0.0,-2.0
Does,2.0,0.0,-2.0
하버,2.0,0.0,-2.0
HYBE,3.0,1.0,-2.0
Connection,2.0,0.0,-2.0
어나니머스,3.0,1.0,-2.0
It,4.0,2.0,-2.0
홍구,3.0,1.0,-2.0
우승,3.0,1.0,-2.0
박진철,2.0,0.0,-2.0
폭발,2.0,0.0,-2.0
Left,2.0,0.0,-2.0
Nerd,2.0,0.0,-2.0
Rain,2.0,0.0,-2.0
미니게임,2.0,0.0,-2.0
먹방,2.0,0.0,-2.0
리센느입니다,2.0,0.0,-2.0
마인애플,2.0,0.0,-2.0
매드무비,4.0,2.0,-2.0
Bansanka,2.0,0.0,-2.0
송가인,4.0,2.0,-2.0
예고,3.0,1.0,-2.0
비가,2.0,0.0,-2.0
빠른무한,2.0,0.0,-2.0
메차,2.0,0.0,-2.0
이렐킹,2.0,0.0,-2.0
멜로우,2.0,0.0,-2.0
메챠,3.0,1.0,-2.0
Video,6.0,3.0,-3.0
공룡,3.0,0.0,-3.0
스타크래프트,5.0,2.0,-3.0
스타,6.0,3.0,-3.0
하필,3.0,0.0,-3.0
야생,3.0,0.0,-3.0
빨무,3.0,0.0,-3.0
웅플,3.0,0.0,-3.0
내가수영,3.0,0.0,-3.0
챌린저,5.0,2.0,-3.0
가격,3.0,0.0,-3.0
카멜레온,5.0,2.0,-3.0
드라마,7.0,4.0,-3.0
리뷰,7.0,4.0,-3.0
인피쉰,4.0,1.0,-3.0
모드,3.0,0.0,-3.0
유튜버,3.0,0.0,-3.0
Music,5.0,2.0,-3.0
추천,7.0,3.0,-4.0
경매,4.0,0.0,-4.0
깔수,4.0,0.0,-4.0
뉴메타,7.0,2.0,-5.0
민지,5.0,0.0,-5.0
로블록스,5.0,0.0,-5.0
of,10.0,4.0,-6.0
우디르,6.0,0.0,-6.0
GTA6,6.0,0.0,-6.0
니달리,7.0,0.0,-7.0
이렐리아,8.0,0.0,-8.0
강의,10.0,1.0,-9.0
김부장,10.0,1.0,-9.0
잠뜰,10.0,0.0,-10.0
발로란트,21.0,0.0,-21.0
마인크래프트,46.0,3.0,-43.0
