keyword,count
마인크래프트,46
호프,37
메이플,25
gta,25
발로란트,21
레테,17
예고편,13
게임,13
리그오브레전드,11
김부장,10
of,10
잠뜰,10
강의,10
배그,9
리니지,8
이렐리아,8
숨바꼭질,7
lck,7
영화,7
드라마,7
리뷰,7
뉴메타,7
추천,7
니달리,7
Video,6
T1,6
Lee,6
스타,6
GTA6,6
우디르,6
live,6
Music,5
vs,5
민지,5
메이플스토리,5
레전드,5
똘끼,5
스타크래프트,5
챌섭,5
카멜레온,5
t1,5
LOL,5
챌린저,5
lol,5
로블록스,5
gameplay,5
메인,4
MSI,4
2026,4
Performance,4
It,4
치지직,4
클래식,4
경매,4
송가인,4
Song,4
Ga,4
In,4
리니지클래식,4
인피쉰,4
아프리카,4
매드무비,4
김민교,4
스트리머,4
챌린저스,4
김성현,4
online,4
깔수,4
Official,3
인터내셔널,3
FUR,3
you,3
드디어,3
예고,3
마이클,3
외계인,3
황정민,3
조인성,3
어나니머스,3
하필,3
라이즈,3
랄로,3
마스터,3
Feat,3
Min,3
Jeong,3
팡이요,3
Ripple,3
Effect2,3
feat,3
가는,3
Chancellor,3
믹슈,3
본캐,3
사냥,3
26,3
빨무,3
가격,3
비하인드,3
우승,3
메챠,3
이문주,3
내가수영,3
불도그,3
리니지m,3
배틀그라운드,3
육성,3
마블,3
음문석,3
HOPE,3
maple,3
HYBE,3
저라뎃,3
ALL,3
듣기,3
league,3
인범,3
글자,3
세글자,3
보스,3
starcraft,3
스쿼드,3
리니지M,3
로드나인,3
공룡,3
유튜버,3
홍구,3
리그,3
오브,3
모드,3
야생,3
장인,3
웅플,3
dle,2
아이들,2
떡밥,2
분석,2
성시경,2
Sung,2
소지섭,2
돌아온,2
공포의,2
클래스,2
What,2
if,2
패스벤더,2
메챠카멜레온,2
마지막,2
허들,2
교은,2
Anonymous,2
Artists,2
아티스트,2
4회,2
주강찬,2
RIIZE,2
Done,2
If,2
Hurts,2
Me,2
More,2
BOYNEXTDOOR,2
해봤습니다,2
봉켓몬,2
My,2
Own,2
Rhythm,2
때로는,2
페이커,2
Crushed,2
Distant,2
Memories,2
You,2
내가,2
EP,2
MV,2
Still,2
은혜,2
찬양,2
모음,2
20,2
이게,2
콤보,2
Tears,2
in,2
heaven,2
장인초대석,2
테스터훈,2
이별하러,2
Bansanka,2
Sunset,2
때까지,2
상대,2
비가,2
내려,2
Why,2
Does,2
Have,2
to,2
Rain,2
FAME,2
Left,2
Right,2
저희도,2
리센느입니다,2
Don,2
tell,2
your,2
dream,2
영혼,2
리듬세상,2
07,2
06,2
생방송,2
다시보기,2
Starcraft,2
한국,2
대적자,2
저요,2
1등,2
멜로우,2
한번,2
아오니,2
절대,2
만들기,2
감스트,2
깨기,2
LCK,2
SKT,2
skt,2
위클리,2
MIC,2
영화리뷰,2
영화추천,2
디즈니,2
hope,2
나홍진,2
메인예고편,2
배우,2
괴물,2
comedy,2
sbs,2
김부장예고,2
넷플릭스,2
영화제,2
드라마추천,2
괴물쥐,2
원딜,2
전략적팀전투,2
박진철,2
폭발,2
maplestory,2
story,2
윤가놈,2
윤진석,2
롤토체스,2
Young,2
OURS,2
korean,2
찬송가,2
이상호,2
왈도쿤,2
legends,2
예능,2
모바일게임,2
여포왕,2
만만,2
수삼,2
빅보스,2
카즈야,2
사또,2
리니지2m,2
글자네,2
스킬,2
후기,2
공략,2
템셋팅,2
해방,2
TAEYEON,2
파카,2
Nerd,2
Connection,2
알파고,2
저그,2
MC,2
챈슬러,2
축구,2
mmorpg,2
잘하는법,2
상황극,2
League,2
legend,2
창현,2
미니게임,2
트위치,2
먹방,2
빠른무한,2
깝도이,2
커맨드,2
마플,2
마인애플,2
탈출맵,2
도파,2
집사,2
stream,2
mods,2
조준선,2
하버,2
챌린지,2
제트,2
페이드,2
메차,2
이렐킹,2
irelia,2
칼바람,2
dopa,2
faker,2
Gimme,1
Dat,1
Love,1
BLG,1
LYON,1
브래킷,1
스테이지,1
승자조,1
2라운드,1
패자조,1
1라운드,1
cosmosy,1
Paradise,1
need,1
떴습니다,1
총정리,1
이번엔,1
삼촌이,1
술래,1
노래,1
68,1
나와,1
같다면,1
With,1
김장훈,1
Si,1
Kyung,1
5회,1
민지가,1
살아있었어,1
서수민이,1
남기고,1
떠난,1
흔적에,1
비장한,1
결심,1
떴다,1
얼굴,1
최초공개,1
VS,1
액션씬,1
대거,1
공개,1
속는,1
사람이,1
아무도,1
없는,1
PSY,1
나팔바지,1
Live,1
at,1
싸이흠뻑쇼,1
SUMMERSWAG,1
숨긴,1
무서운,1
목적이,1
밝혀졌다,1
먹었습니다,1
Art,1
찾냐,1
차를,1
모든,1
진실이,1
밝혀집니다,1
그림,1
예술의,1
경지,1
3인,1
1조팀,1
갔다,1
팡이요의,1
은밀한,1
취미,1
ADIOS,1
보이넥스트도어,1
DOORGROUND,1
25년만에,1
서버종료하는,1
크레이지,1
아케이드,1
섭종,1
직전에,1
접속,1
운영자도,1
예측,1
윤가놈의,1
클리어,1
속도,1
2일차,1
전역하자마자,1
군적금으로,1
빠칭코하는,1
xx놈,1
탈리야로도,1
메이킹,1
해주는,1
이건,1
기회야,1
저튜브,1
형님들께,1
실력을,1
증명하는,1
거야,1
배그멸망전,1
DAY1,1
10년,1
간의,1
시련,1
그리고,1
정상에,1
오르기까지의,1
이야기,1
대회,1
END,1
ZUTOMAYO,1
Fig,1
Smoke,1
아저씨,1
혼자,1
유즈맵에서,1
밀리해요,1
제국,1
모르가나,1
탑에,1
중독됐습니다,1
BEST,1
나의,1
힘이되신,1
여호와여,1
30랩,1
캔슬,1
54,1
마방88,1
100,1
겜이냐,1
철권8,1
girlsnboys,1
Visualizer,1
아란,1
12,1
000스택,1
쌓았습니다,1
호갱을,1
잡아서,1
파산시키는,1
RESCENE,1
리센느,1
Pretty,1
Girl,1
Special,1
Teaser,1
겟앰프드,1
승률,1
99,1
고인물,1
게임에서,1
학살하는,1
초고수,1
박도지,1
Lyric,1
꽃이,1
아니면,1
어떤가,1
아버지,1
37화,1
교환,1
ft,1
조슨조시여,1
신직업,1
3주만에,1
제네,1
해방했습니다,1
무기,1
큐브까지,1
분노의,1
요네,1
즐겁게,1
게임하자길래,1
200,1
다크아칸으로,1
끝날,1
유닛을,1
뺏어봤습니다,1
에공삼,1
띄웠으면,1
처먹어,1
현질,1
해줬습니다,1
개사기팀,1
갑니다,1
같은,1
니니지,1
못하겠습니다,1
그거,1
켰습니다,1
6동특으로,1
소환해낸,1
10이야기꾼,1
동물병원에,1
숨겨진,1
충격적인,1
비밀,1
여기서,1
내보내줘,1
퓨마,1
울챔스,1
하이라이트,1
악마한테,1
갖다,1
팔았습니다,1
신특,1
파티,1
토츠,1
단일,1
맞냐,1
점점,1
산으로,1
공성,1
BLG는,1
생각을,1
하는데,1
T1은,1
걷지도,1
했다,1
TV,1
콘텐츠,1
최악의,1
생존,1
난이도,1
1위,1
세계관은,1
처음,1
원래,1
이렇게,1
꼽주는건가요,1
AI가,1
만들었다는,1
어느,1
편의점,1
타이쿤,1
서양은,1
빡쳤고,1
한국은,1
싸더라,1
잡고,1
찍었습니다,1
제가,1
청소,1
잘해요,1
무패상대,1
한번도,1
없는데,1
이딴걸,1
당하겠냐,1
홍구야,1
지금,1
전세계,1
대저택과,1
해봤는데,1
진짜,1
웃긴,1
상황나옴,1
바보,1
시작하자마자,1
확정,1
처음부터,1
바로,1
공짜,1
3성,1
초가스에서,1
시작되는,1
사기판,1
구조대가,1
감시탑에서,1
살아남는,1
GTA,1
LIVE,1
DON,1
BLINK,1
SECRET,1
MOD,1
ACTIVATED,1
gtalive,1
gtaonline,1
화내면,1
미션,1
실패인데,1
싸우기,1
1초,1
주혁이랑,1
듀오,1
한방에,1
2000딜,1
핵포킹,1
이즈리얼,1
레디,1
달리기,1
설레는,1
댓글창,1
열기,1
이후,1
다시,1
증명하러갑니다,1
개고수가,1
뭔지,1
보여드리겠습니다,1
천상계CK에서,1
결국,1
증명해버리다,1
야생에,1
빠져나오는,1
백룸,1
철권태그,1
조사파,1
방송,1
TEKKEN,1
TAG,1
때마다,1
피가,1
100씩,1
차는,1
피흡의,1
악마,1
이거,1
막습니다,1
키보드탈출,1
무려,1
레벨,1
700렙,1
찍고,1
트로피,1
5000억개를,1
모았습니다,1
이빨이랑,1
뜯는,1
깡패,1
대륙의,1
무친,1
마스터이,1
장인을,1
만나다,1
51요정,1
근본,1
신섭,1
1티어,1
무기삽니다,1
적들이,1
꿈틀꿈틀,1
대네요,1
lineageM,1
케이오로,1
개빡캐리해서,1
30만원,1
얻은,1
레전드판,1
수류탄이,1
항상,1
개사기인,1
이유,1
정령의축복,1
윈브,1
시작,1
감컴,1
테크모,1
월드컵,1
최강자는,1
누구,1
부분을,1
지우고,1
복사하세요,1
불꽃타입,1
하트골드,1
포켓몬,1
모든타입,1
상대가,1
올AD,1
라고,1
방어력,1
300찍고,1
안죽는,1
좀비,1
kpop,1
IDLE,1
여자아이들,1
미연,1
민니,1
소연,1
우기,1
슈화,1
MIYEON,1
MINNIE,1
SOYEON,1
YUQI,1
SHUHUA,1
큐브,1
CUBE,1
idle,1
Korea,1
롤챔스,1
티원,1
에욱,1
SNL,1
LCK썸네일,1
편집자,1
스크,1
썸네일,1
DK,1
GEN,1
DRX,1
KT,1
HLE,1
POG,1
MVP,1
WORLDS,1
롤드컵,1
ALLSTAR,1
서머,1
썸머,1
써머,1
스프링,1
summer,1
spring,1
LSB,1
NS,1
한화생명,1
농심,1
케이티,1
젠지,1
담원,1
브리온,1
Brion,1
BRO,1
므시,1
올스타,1
코맨터리,1
Check,1
롤분토론,1
동준좌,1
클템,1
성캐,1
전프시,1
오프더레코드,1
월드챔피언십,1
단톡,1
롤더넥,1
마이크체크,1
광동,1
광동프릭스,1
KDF,1
Kwangdong,1
Freecs,1
베스트모먼트,1
롤리나잇,1
레알클래스,1
성캐쇼,1
LCK10주년,1
혓바닥터스,1
헬리오스,1
캡틴잭,1
빠른별,1
샤이,1
리브샌박,1
디플러스,1
기아,1
디플,1
플레임,1
시크릿보드룸,1
단군,1
리뷰데스크,1
포니,1
꼬꼬갓,1
고수진,1
배혜지,1
함예진,1
윤수빈,1
2023LCK,1
2023롤챔스,1
노페,1
후니,1
박진영,1
무비띵크,1
마블영화,1
마블유튜브,1
마블유튜버,1
마블띵크,1
디즈니플러스,1
MCU,1
떴냐,1
루머띵크,1
티저,1
티저예고편,1
공식,1
스토리,1
결말,1
임현식,1
코미디,1
개그,1
라이브코미디,1
korea,1
유병재,1
문상훈,1
유규선,1
웹예능,1
문학의밤,1
시청자참여,1
두뇌게임,1
성시경유튜브,1
SUNGSIKYUNG,1
SSK,1
20260704,1
서수민,1
최대훈,1
윤경호,1
주상욱,1
김부장5회예고,1
김부장5회미리보기,1
이도원,1
class,1
rooms,1
Seo,1
Yeolmu,1
서열무,1
Lullaby,1
엘플릭스,1
앨플릭스,1
LPLIX,1
뽕뽑기,1
뽑기,1
엘플렉스,1
앨플렉스,1
프리뷰,1
최종,1
파이널,1
정호연,1
패스밴더,1
출연진,1
CG,1
퀄리티,1
민교,1
교튜브,1
튜브,1
시네마,1
개봉작,1
극장,1
무비,1
영화소개,1
어드벤쳐,1
슈퍼히어로,1
베스트,1
순위,1
흥행기록,1
감독,1
김시선,1
요약,1
장지환,1
tft,1
anonymous,1
노래추천,1
인디음악,1
싱어송라이터,1
오노추,1
숨듣명,1
가사좋은노래,1
인디음악추천,1
플레이리스트,1
플리추천,1
음악추천,1
KoreanIndie,1
신곡추천,1
플리,1
번아웃,1
Kyoeun,1
Hurdle,1
인디팝,1
playlist,1
감성노래,1
청량한노래,1
희망찬노래,1
힐링,1
위로,1
긍정적인노래,1
드라이브노래,1
아침에듣기좋은노래,1
산책할때듣는노래,1
청춘,1
성장,1
도전,1
웹툰,1
3회,1
금이빨,1
조복래,1
주혜리,1
남실장,1
박영광,1
성한수,1
강국철,1
특임국,1
차량,1
벙커카,1
락앤롤,1
신성호,1
혜령,1
왕따,1
셔틀,1
금강중학교,1
코드네임,1
66,1
73번,1
남파공작원,1
싸움독학,1
박만사,1
네이버웹툰,1
조평견,1
시즌2,1
금토드라마,1
오지랖,1
김부장4회예고,1
김부장3회,1
김부장리뷰,1
김부장원작,1
김부장웹툰,1
김부장드라마,1
김부장줄거리,1
김부장분석,1
김부장총정리,1
김민지,1
북한자객,1
세탁소아저씨정체,1
평택항,1
냉동창고,1
벙커차,1
니딸찾냐,1
하필주강찬차를,1
민지생존,1
민지실종,1
민지납치,1
김부장액션,1
김부장개그,1
김부장4화,1
김부장예고편,1
김부장스포,1
김부장결말,1
김부장시즌2,1
네이버웹툰김부장,1
김부장원작비교,1
웹툰원작드라마,1
드라마리뷰,1
드라마예고,1
드라마분석,1
한국드라마,1
액션드라마,1
주말드라마,1
병맛게임,1
uzuhama,1
SHOTARO,1
EUNSEOK,1
SUNGCHAN,1
WONBIN,1
SOHEE,1
ANTON,1
쇼타로,1
은석,1
성찬,1
원빈,1
소희,1
앤톤,1
II,1
Two,1
미니,1
2집,1
퍼포먼스,1
랄튜브,1
김찬호,1
KYOE,1
교이,1
이민정,1
메이플1,1
팡이,1
BJ팡이,1
BJ팡이요,1
강화,1
스타포스,1
스타포스강화,1
히어로,1
로얄스타일,1
레드큐브,1
블랙큐브,1
레큐,1
블큐,1
아프리카TV,1
아델,1
뉴네임옥션,1
성호,1
SUNGHO,1
리우,1
RIWOO,1
재현,1
JAEHYUN,1
태산,1
TAESAN,1
이한,1
LEEHAN,1
운학,1
WOONHAK,1
KOZ,1
혜안,1
Swings,1
스윙스,1
YULEUM,1
율음,1
shinjihang,1
Nochang,1
그냥노창,1
hyeminsong,1
파급효과2,1
someply,1
Jen,1
Ivory,1
아이보리,1
Sometimes,1
Faker,1
Untara,1
운타라,1
이상혁,1
10CM,1
John,1
Sooyong,1
Bang,1
Injae,1
Yoonhyuk,1
Ko,1
Youngbae,1
일말의,1
가능성,1
천상계,1
정글러,1
Justlikethat,1
정글,1
동선,1
교육방송,1
Shin,1
Ye,1
신예영,1
캬하하,1
이석현,1
원거리딜러,1
AD,1
leagueoflegends,1
BAEK,1
YEON,1
백아연,1
HYUNBIN,1
현빈,1
LISTEN,1
들어봐,1
아직도,1
너야,1
ccm,1
워쉽,1
씨씨엠,1
worship,1
무료,1
비컴퍼니,1
예배,1
best,1
praise,1
band,1
복음,1
성가,1
틀어줘,1
연속,1
메들리,1
아름다운,1
들려줘,1
실시간,1
노래방,1
어린이,1
말씀송,1
톡톡쏙쏙,1
성령,1
임재,1
마음,1
감사,1
치유,1
회복,1
기쁨,1
평화,1
보혈,1
소망,1
광야,1
생명,1
인도하심,1
승리,1
구원,1
연속듣기,1
Longplay,1
CCM,1
Hymns,1
hymns,1
찬송가모음,1
찬송가전곡,1
LABELS,1
하이브,1
하이브레이블즈,1
리븐,1
리븐장인,1
꿀탱탱,1
전수찬,1
수찬,1
트할,1
탑강의,1
리븐강의,1
피오라강의,1
아트록스강의,1
탑라인관리,1
탑라인전,1
December,1
디셈버,1
별이될께,1
더블딜러,1
파산,1
향아치,1
쿠레나이,1
나츠키,1
레비얀,1
앵보,1
CULTURE,1
Pop,1
Kpop,1
뮤비,1
뮤직비디오,1
Stone,1
Entertainment,1
game,1
초대석,1
가인,1
트로트송가인,1
송가인노래,1
송가인트로트,1
송가인메들리,1
송가인유튜브,1
송가인채널,1
송가인브이로그,1
송가인옷,1
송가인가방,1
송가인조공,1
송가인어게인,1
어게인팬클럽,1
송가인팬클럽,1
가인이어라,1
송가인일상,1
송가인아내의맛,1
송가인아빠,1
송가인엄마,1
송가인예능,1
송가인레전드,1
어게인,1
again,1
평생,1
가인달,1
송가인행사,1
송가인진도,1
트로트유튜브,1
트로트,1
lineage,1
NC소프트,1
리니지w,1
수삼티비,1
데포섭,1
데포로쥬,1
pc리니지,1
집행검,1
리니지집행검,1
리니지불도그,1
원큐,1
재범군주,1
임한별,1
오버드라이브,1
테섭,1
태연,1
Choi,1
Ho,1
tuki,1
seuran,1
POP,1
REMAKE,1
Vol,1
만찬가,1
paka,1
손인욱,1
너드커넥션,1
On,1
Crest,1
Wave,1
파도의,1
고점,1
zerg,1
terran,1
protoss,1
테란,1
프로토스,1
스타크래프트리마스터,1
지아,1
Zia,1
이라333,1
챌린저스서버,1
MONG,1
MC몽,1
EastWest,1
De,1
view,1
Duble,1
Sidekick,1
Mong,1
CHANCELLOR,1
Dayday,1
CHANNEL,1
인기,1
피파,1
fc온라인,1
fc,1
엪온,1
뿌꾸,1
두치와뿌꾸,1
피온,1
피파4,1
피파온라인,1
뮌헨,1
케인,1
올리세,1
벨로드,1
체감,1
좋은,1
스트라이커,1
공격수,1
Kaive,1
Noir,1
똘끼100,1
스마일게이트,1
lordnine,1
DK모바일,1
dk모바일리본,1
SENO,1
PUBG,1
pubg,1
주키니,1
솔로,1
포르쉐,1
이모트,1
LOVIXX,1
roblox,1
로블,1
로블정보,1
로블록스정보,1
로벅스,1
로블록스도어즈,1
도어즈,1
로블도어즈,1
doors,1
스키비디,1
스키비디토일렛,1
병맛더빙,1
스키비디병맛더빙,1
스키비디토일렛병맛더빙,1
로블상황극,1
점프맵,1
로블계,1
sup,1
서포터,1
support,1
Wolf,1
울프,1
World,1
Champion,1
이재완,1
봉하,1
봉훈이,1
af유봉훈,1
유봉훈,1
봉쌤,1
일타봉쌤,1
FLSLWL,1
QLRQHTM,1
HOLLDEM,1
포커,1
슬롯,1
콜오브카오스,1
라살라스,1
린2M,1
리니지2M,1
리니지W,1
레이븐,1
아스달연대기,1
넷마블,1
엔씨,1
NC,1
에오스,1
토너먼트,1
에오스레드,1
에오스블랙,1
오딘,1
플레이포커,1
엔포커,1
알트,1
rf온라인,1
보겸,1
홀덤,1
9집행,1
원재,1
관전,1
꿀챔프,1
프로관전러,1
ps,1
Minecraft,1
Sleepground,1
수현,1
칠각별,1
각별,1
라더,1
마크,1
덕개,1
추리,1
주민,1
TRPG,1
부캐,1
판타지,1
조선시대,1
선바,1
스트리밍,1
게임방송,1
토크방송,1
리듬게임,1
꼽주는게임,1
리듬,1
스위치,1
닌텐도,1
뚜까랜덤,1
팀플,1
팀플레이,1
지식백과,1
쥐식백과,1
김성희,1
예약구매,1
울트라에디션,1
플레이스테이션,1
프로,1
락스타,1
게임즈,1
청묘,1
청묘님,1
twitch,1
종겜,1
종합게임,1
rpg,1
메린이,1
최소컷,1
최초의대적자,1
월드,1
시즌4,1
스텔라이브,1
stellive,1
텐코시부키,1
시부키,1
부키,1
이나리,1
클리셰,1
3기생,1
스텔라이브3기생,1
강지,1
저스트채팅,1
저챗,1
대박박,1
김뿡,1
고수달,1
선배후배,1
타비,1
공방,1
참교육,1
무패,1
고수,1
성큰러시,1
프로게이머,1
우승자,1
이시아,1
엽기전략,1
사기맵,1
타골좌,1
타임이즈골드,1
양민좌,1
당근좌,1
까치좌,1
기프티콘,1
빙그레,1
스타홍구,1
홍구스타,1
극찬,1
빌런,1
노매너,1
비매너,1
악성유저,1
악질유저,1
발스타,1
스타리그,1
빌런스타리그,1
발스타홍구,1
현교수,1
게임추천,1
재밌는,1
료미,1
또이,1
로희,1
푸딩제리,1
현이머,1
팀대저택,1
색칠해서,1
대저택,1
미챠,1
TFT,1
TeamfightTactics,1
전쓰트,1
수탉,1
수탉tv,1
공포,1
공포게임,1
실황,1
신작,1
rp,1
police,1
chase,1
mission,1
new,1
update,1
missions,1
car,1
mode,1
chaos,1
mod,1
action,1
epic,1
livestream,1
no,1
commentary,1
free,1
roam,1
gangster,1
open,1
world,1
fivem,1
gaming,1
FPS,1
VALORANT,1
트롤,1
콕끼리,1
텔론,1
스낵무비,1
아이온,1
신스킨,1
조준점,1
yay,1
감도,1
신캐,1
발로,1
바이올린,1
바이퍼,1
각독,1
체임버,1
아시아서버,1
계정,1
브레이킹,1
에임,1
캐릭터,1
rgx,1
11z,1
pro,1
요원,1
크림슨비스트,1
케이오,1
에임연습,1
피닉스,1
매챠,1
매차,1
카맬래온,1
카멜래온,1
아오오니,1
스맵,1
Smeb,1
춘봉박,1
모드리뷰,1
19,1
켠왕,1
아이템,1
마인크래프트깔수,1
몬스터,1
마인크래프트모드,1
생존기,1
다이아,1
옵티파인,1
쇼케이스,1
건축,1
모던하우스,1
모드쇼케이스,1
초보,1
하는법,1
야생집,1
인테리어,1
스킨,1
템트리,1
montage,1
irelking,1
소멸,1
웅플레이어,1
woongplayer,1
Legends,1
압도,1
apdo,1
쇼메이커,1
쵸비,1
더샤이,1
도랄팤,1
도파카,1
도파파카,1
도파랄로,1
파카랄로,1
lpl,1
lec,1
caps,1
트페,1
오리아나,1
트페vs,1
오리아나vs,1
카사딘vs,1
제드vs,1
프레이,1
피닉스박,1
방종우,1
이재석,1
수영,1
리니지M수영,1
리니지M내가수영,1
내가수영TV,1
리니지2,1
철구,1
남캠,1
여캠,1
난닝구,1
쌈용,1
조인범,1
막부,1
랑쯔,1
성태,1
조성태,1
킹아더,1
유주팬클럽,1
Lineage,1
LineageM,1
로스트아크,1
로아,1
블소,1
리마스터,1
블레이드앤소울,1
디다,1
남군,1
악마킹,1
악마의킹,1
유주,1
yt,1
cc,1
on,1
리니지수영,1
리니지내가수영,1
겜창현,1
창구라,1
만만즈,1
빡태,1
내가빡태,1
나다빡태,1
나다빡태TV,1
드립팀,1
수진,1
내가수진,1
만만업,1
사이하대전투,1
왕연합,1
왕혈,1
린마,1
린마스터,1
만만이,1
만만리니지,1
창현리니지,1
창현리니지M,1
창현가이아격노,1
창현격노,1
도건,1
도건TV,1
도건왕팀,1
도건여포왕,1
가오나시티,1
리니지리마스터,1
행돌,1
김블루,1
레고77,1
신지드,1
메랜,1
메이플랜드,1
옛메,1
옛날메이플,1
대머리도적,1
대머리,1
옛날바람,1
클래식바람,1
겜스트,1
스포츠,1
중계,1
풀영상,1
보라,1
토크,1
합방,1
근가놈,1
포켓로그,1
포켓몬스터,1
귀뚤톡크,1
200층,1
무한다이노,1
포켓로그공략,1
렝가장인,1
캐인렝가,1
렝가,1
롤렝가,1
탑렝가,1
롤탑렝가,1
탑렝가매드무비캐인,1
마나무네,1
rengar,1
c1,1
캐인,1
