source,series_id,series_name,article_id,url,title,published_date,trend_status_raw,trend_status,thumbnail_url,thumbnail_local_path,thumbnail_mime_type,thumbnail_bytes,thumbnail_sha256,thumbnail_download_status,author,author_id,toc_json,meme_item_count,is_paywalled,list_page,list_position,detail_fetch_status,collected_at
careet,1,요즘 뜨는 밈,1929,https://www.careet.net/1929,릴스 조회수 100만 보장! SNS 담당자가 써먹기 좋은 밈 모음,2026-06-17,유행중,current,https://s3.ap-northeast-2.amazonaws.com/univ-careet/FileData/Picture/202606/3cc7bf93-07ef-4d46-bd62-fd8a8496bc5c_770x426.png,,,,,disabled,김희연,8,"[{""position"":1,""name"":""백룸코어"",""parent_section"":null},{""position"":2,""name"":""천연 위고비"",""parent_section"":null},{""position"":3,""name"":""요즘 뜨는 해외 숏폼 밈 2"",""parent_section"":null},{""position"":4,""name"":""Wow Okay"",""parent_section"":""요즘 뜨는 해외 숏폼 밈 2""},{""position"":5,""name"":""Forgot Airpods trend"",""parent_section"":""요즘 뜨는 해외 숏폼 밈 2""},{""position"":6,""name"":""자려고 누웠는데 양의지"",""parent_section"":null}]",6,true,1,1,success,2026-07-09T17:42:10+09:00
careet,1,요즘 뜨는 밈,1905,https://www.careet.net/1905,도대체 어디서 시작된 거야? 요즘 SNS에서 뜨는 밈 모음,2026-05-12,유행중,current,https://s3.ap-northeast-2.amazonaws.com/univ-careet/FileData/Picture/202605/a1183676-2c8f-4b52-a446-55aa1b91ae3f_770x426.png,,,,,disabled,오해서,154330,"[{""position"":1,""name"":""영크크 VS 늙크크(올크크)"",""parent_section"":null},{""position"":2,""name"":""난 널 버리지 않아 옵옵옵"",""parent_section"":null},{""position"":3,""name"":""널 좋아하는 맘이 커졌어 진짜 커 막 공룡만해"",""parent_section"":null},{""position"":4,""name"":""피라미드에도 악플이 달린다는 사실을 기억하자"",""parent_section"":null}]",4,true,1,2,success,2026-07-09T17:42:11+09:00
careet,1,요즘 뜨는 밈,1895,https://www.careet.net/1895,"한국, 튀르키예, 인도네시아까지? 전 세계인 대통합시킨 글로벌 밈 모음",2026-04-29,,unknown,https://s3.ap-northeast-2.amazonaws.com/univ-careet/FileData/Picture/202604/ad392288-57c8-413b-a334-75d45f9222c2_770x426.png,,,,,disabled,이시은,11,[],0,true,1,3,success,2026-07-09T17:42:13+09:00
careet,1,요즘 뜨는 밈,1880,https://www.careet.net/1880,“이게 무슨 뜻이야?” 싶었던 밈 다 모았음! 이주의 유행어 5,2026-04-08,,unknown,https://s3.ap-northeast-2.amazonaws.com/univ-careet/FileData/Picture/202604/2b5bad60-c549-4a66-8bdb-b81d96534f20_770x426.png,,,,,disabled,김희연,8,"[{""position"":1,""name"":""좋음 좋음 좋음 👎👎👎"",""parent_section"":null},{""position"":2,""name"":""병원에 가보기로 했어요"",""parent_section"":null},{""position"":3,""name"":""에어팟 스위치 밈(Airpods Switch Trend)"",""parent_section"":null},{""position"":4,""name"":""영크크"",""parent_section"":null},{""position"":5,""name"":""역시 난 비주류야 킥킥"",""parent_section"":null}]",5,true,1,4,success,2026-07-09T17:42:14+09:00
careet,1,요즘 뜨는 밈,1862,https://www.careet.net/1862,콘텐츠 제목에 쓸 신선한 드립을 찾고 있다면? 최신 신조어 모음 5,2026-03-11,유행지남,expired,https://s3.ap-northeast-2.amazonaws.com/univ-careet/FileData/Picture/202603/3b372a83-28bc-4187-bb64-fc47ac5f114a_770x426.png,,,,,disabled,강지혜,78695,"[{""position"":1,""name"":""동결건조"",""parent_section"":null},{""position"":2,""name"":""두쫀쿠, 봄동비빔밥 다음은 무조건"",""parent_section"":null},{""position"":3,""name"":""기대컨"",""parent_section"":null},{""position"":4,""name"":""롯데리아 벽지"",""parent_section"":null},{""position"":5,""name"":""멘탈이 완전히 나가버렸습니다"",""parent_section"":null}]",5,true,1,5,success,2026-07-09T17:42:16+09:00
careet,1,요즘 뜨는 밈,1844,https://www.careet.net/1844,다음 주에 쓰면 늦어요! Z세대가 자주 사용하는 신상 밈 모음,2026-02-10,유행지남,expired,https://s3.ap-northeast-2.amazonaws.com/univ-careet/FileData/Picture/202602/5d932d6c-ccca-48d9-a8a1-a4f73c7c02ee_770x426.png,,,,,disabled,캐릿,80851,"[{""position"":1,""name"":""크더싼"",""parent_section"":null},{""position"":2,""name"":""꺼드럭대다"",""parent_section"":null},{""position"":3,""name"":""김동현 밈"",""parent_section"":null},{""position"":4,""name"":""허무주의 펭귄(Nihilist Penguin)"",""parent_section"":null},{""position"":5,""name"":""윤정아 챌린지"",""parent_section"":null},{""position"":6,""name"":""난리자베스"",""parent_section"":null}]",6,true,1,6,success,2026-07-09T17:42:18+09:00
careet,1,요즘 뜨는 밈,1818,https://www.careet.net/1818,Z세대는 ㅋㅋㅋ 안 쓴다고? 활용도 높은 최신 밈 13,2026-01-14,유행지남,expired,https://s3.ap-northeast-2.amazonaws.com/univ-careet/FileData/Picture/202601/abedde3d-8d03-4290-a5a3-a7e90e3a4c91_770x426.png,,,,,disabled,서재경,7,"[{""position"":1,""name"":""ㅋㅋㅋㄹㅌㅅ"",""parent_section"":null},{""position"":2,""name"":""밤티"",""parent_section"":null},{""position"":3,""name"":""셰프발 밈"",""parent_section"":null},{""position"":4,""name"":""허경환 밈"",""parent_section"":null},{""position"":5,""name"":""암사자는 OO을 신경 쓰지 않는다"",""parent_section"":null}]",5,true,1,7,success,2026-07-09T17:42:19+09:00
careet,1,요즘 뜨는 밈,1812,https://www.careet.net/1812,두쫀쿠 밈부터 최신 릴스 챌린지까지 새해에 바로 써 먹을 수 있는 밈 모음,2025-12-31,유행지남,expired,https://s3.ap-northeast-2.amazonaws.com/univ-careet/FileData/Picture/202512/d45adc95-cb34-4d6d-94c5-13eef3d35c3d_770x426.png,,,,,disabled,김희연,8,[],0,true,1,8,success,2026-07-09T17:42:21+09:00
careet,1,요즘 뜨는 밈,1798,https://www.careet.net/1798,요즘 뜨는 글로벌 밈은? 곧 한국에서도 유행할 해외 틱톡 밈 모음,2025-12-10,유행지남,expired,https://s3.ap-northeast-2.amazonaws.com/univ-careet/FileData/Picture/202512/6ef4d622-0d2d-4afb-be05-517306cb1096_770x426.png,,,,,disabled,강지혜,78695,"[{""position"":1,""name"":""와비사비"",""parent_section"":null},{""position"":2,""name"":""그래놀라 걸 코어 / 밤비 코어"",""parent_section"":null},{""position"":3,""name"":""식스세븐(67)"",""parent_section"":null},{""position"":4,""name"":""반려동물을 가리키는 신조어 2"",""parent_section"":null}]",4,true,1,9,success,2026-07-09T17:42:23+09:00
careet,1,요즘 뜨는 밈,1774,https://www.careet.net/1774,“나랑 예카에서 각할모 할 사람?” SNS 바닥글에 사용하기 좋은 밈 9,2025-11-11,유행지남,expired,https://s3.ap-northeast-2.amazonaws.com/univ-careet/FileData/Picture/202511/d4a7d873-472a-4600-8657-12e85d1ad8f2_770x426.png,,,,,disabled,캐릿,80851,"[{""position"":1,""name"":""전라남도 여수시 소라면 사곡리 산94"",""parent_section"":null},{""position"":2,""name"":""고구마구웠어요"",""parent_section"":null},{""position"":3,""name"":""요즘 Z세대가 ‘힙한 카페’를 부르는 말"",""parent_section"":null},{""position"":4,""name"":""스포츠 팬덤이 자주 사용하는 밈 2"",""parent_section"":null},{""position"":5,""name"":""최근 릴스에서 자주 보이는 밈 2"",""parent_section"":null}]",5,true,1,10,success,2026-07-09T17:42:24+09:00
careet,1,요즘 뜨는 밈,1751,https://www.careet.net/1751,"마케터, 콘텐츠 기획자가 알아두면 유용한 요즘 뜨는 밈 4",2025-10-01,유행지남,expired,https://s3.ap-northeast-2.amazonaws.com/univ-careet/FileData/Picture/202509/828c54a9-2325-4276-bf26-b1deeb25be1b_770x426.png,,,,,disabled,서재경,7,"[{""position"":1,""name"":""화가 머리끝까지 났어"",""parent_section"":null},{""position"":2,""name"":""꾸몄고, 입체임"",""parent_section"":null},{""position"":3,""name"":""O부부"",""parent_section"":null},{""position"":4,""name"":""와 이걸 해준다고?"",""parent_section"":null}]",4,true,1,11,success,2026-07-09T17:42:26+09:00
careet,1,요즘 뜨는 밈,1740,https://www.careet.net/1740,대학생부터 K팝 덕후까지 공감과 클릭을 부르는 유행어 모음,2025-09-17,유행지남,expired,https://s3.ap-northeast-2.amazonaws.com/univ-careet/FileData/Picture/202509/56812634-c96e-48fd-97a6-d5fff907829a_770x426.png,,,,,disabled,김희연,8,"[{""position"":1,""name"":""갈테야테야"",""parent_section"":null},{""position"":2,""name"":""귀하게 자란 내가 이런 걸 봐도 될까?"",""parent_section"":null},{""position"":3,""name"":""개강한 대학생이 자주 쓰는 밈 모음"",""parent_section"":null}]",3,true,1,12,success,2026-07-09T17:42:27+09:00
careet,1,요즘 뜨는 밈,1723,https://www.careet.net/1723,새로운 유행어 없나? 지금 막 뜨는 따끈따끈한 최신 밈 6,2025-08-27,유행지남,expired,https://s3.ap-northeast-2.amazonaws.com/univ-careet/FileData/Picture/202508/a80260bb-1b5b-4369-89f4-994612cfb0a0_770x426.png,,,,,disabled,강지혜,78695,"[{""position"":1,""name"":""망고주스 밈"",""parent_section"":null},{""position"":2,""name"":""Z세대가 자주 쓰는 초성 표현 3"",""parent_section"":null},{""position"":3,""name"":""마음에 들 때 노래 부르기"",""parent_section"":null},{""position"":4,""name"":""모두 제 잠옷이에요"",""parent_section"":null}]",4,true,2,1,success,2026-07-09T17:42:29+09:00
careet,1,요즘 뜨는 밈,1711,https://www.careet.net/1711,"릴스에 맨날 나오는 그 노래, 정체가 뭐야? 요즘 뜨는 밈 4",2025-08-13,유행지남,expired,https://s3.ap-northeast-2.amazonaws.com/univ-careet/FileData/Picture/202508/b3e9d854-fdf2-4a83-98c5-2f5fa9fa525b_770x426.png,,,,,disabled,오해서,154330,"[{""position"":1,""name"":""알고리즘에 나타나기로 함"",""parent_section"":null},{""position"":2,""name"":""내가 이룬 것들"",""parent_section"":null},{""position"":3,""name"":""그록아"",""parent_section"":null},{""position"":4,""name"":""대답할 때 느낌"",""parent_section"":null}]",4,true,2,2,success,2026-07-09T17:42:31+09:00
careet,1,요즘 뜨는 밈,1704,https://www.careet.net/1704,요즘 유행하는 밈이 뭐더라? 검색으로는 안 나오는 최신 밈 모아옴,2025-07-30,유행지남,expired,https://s3.ap-northeast-2.amazonaws.com/univ-careet/FileData/Picture/202507/42004c54-b279-4d9b-939f-9f5c27796503_770x426.png,,,,,disabled,캐릿,80851,[],0,true,2,3,success,2026-07-09T17:42:32+09:00
careet,1,요즘 뜨는 밈,1689,https://www.careet.net/1689,SNS에 바로 쓸 수 있는 요즘 유행어 8,2025-07-15,유행지남,expired,https://s3.ap-northeast-2.amazonaws.com/univ-careet/FileData/Picture/202507/e43c87cb-2054-49d0-97c4-c40ae2041820_770x426.png,,,,,disabled,캐릿,80851,[],0,true,2,4,success,2026-07-09T17:42:34+09:00
careet,1,요즘 뜨는 밈,1673,https://www.careet.net/1673,"‘카이짤’, ‘정봉이짤’ 아직도 모르세요? 요즘 SNS에서 흥하는 짤 모음",2025-06-25,유행지남,expired,https://s3.ap-northeast-2.amazonaws.com/univ-careet/FileData/Picture/202506/62060b26-75b6-4194-b905-6d75254e7633_770x426.png,,,,,disabled,서재경,7,"[{""position"":1,""name"":""카이짤"",""parent_section"":null},{""position"":2,""name"":""정봉이짤"",""parent_section"":null},{""position"":3,""name"":""와… 너 정말, 핵심을 찔렀어."",""parent_section"":null},{""position"":4,""name"":""붐업 / 붐따"",""parent_section"":null}]",4,true,2,5,success,2026-07-09T17:42:36+09:00
careet,1,요즘 뜨는 밈,1663,https://www.careet.net/1663,이 말투는 어디서 나온거야? 유튜브 밈 모음,2025-06-11,유행지남,expired,https://s3.ap-northeast-2.amazonaws.com/univ-careet/FileData/Picture/202506/20980b6d-01d9-4e72-99c7-7dffa186c7ad_770x426.png,,,,,disabled,김희연,8,"[{""position"":1,""name"":""맛있을 때 추는 춤"",""parent_section"":null},{""position"":2,""name"":""할래, 말래? 애매하긴 해"",""parent_section"":null},{""position"":3,""name"":""오스띠기"",""parent_section"":null},{""position"":4,""name"":""이 옷 입고 기다리겠습니다"",""parent_section"":null}]",4,true,2,6,success,2026-07-09T17:42:37+09:00
careet,1,요즘 뜨는 밈,1655,https://www.careet.net/1655,공룡밈부터 이모지 트렌드까지 SNS 유행을 이끄는 밈 모음,2025-05-29,유행지남,expired,https://s3.ap-northeast-2.amazonaws.com/univ-careet/FileData/Picture/202505/1e1e28c1-005a-47b5-a9eb-9b11c1e100e7_770x426.png,,,,,disabled,오해서,154330,"[{""position"":1,""name"":""공룡 붐은 왔다! Z세대가 자주 쓰는 공룡 밈 2"",""parent_section"":null},{""position"":2,""name"":""최신 이모지 트렌드"",""parent_section"":null},{""position"":3,""name"":""궁전으로 갈 수도 있어"",""parent_section"":null}]",3,true,2,7,success,2026-07-09T17:42:39+09:00
careet,1,요즘 뜨는 밈,1643,https://www.careet.net/1643,Z세대가 일상에서 자주 쓰는 유행어 모음,2025-05-13,유행지남,expired,https://s3.ap-northeast-2.amazonaws.com/univ-careet/FileData/Picture/202505/fc1e2aa0-ca89-4cd8-a45a-e6d851d9c10e_770x426.png,,,,,disabled,강지혜,78695,"[{""position"":1,""name"":""챗GPT 어화둥둥체"",""parent_section"":null},{""position"":2,""name"":""밤샤 / 아샤"",""parent_section"":null},{""position"":3,""name"":""왼얼사 / 오얼사"",""parent_section"":null},{""position"":4,""name"":""유혜주 남편 됨"",""parent_section"":null},{""position"":5,""name"":""실수로 너무 많이 먹었어요."",""parent_section"":null}]",5,true,2,8,success,2026-07-09T17:42:40+09:00
careet,1,요즘 뜨는 밈,1634,https://www.careet.net/1634,"나같경, GMG 무슨 뜻인지 아세요? 요즘 뜨는 일상 유행어 3",2025-04-29,유행지남,expired,https://s3.ap-northeast-2.amazonaws.com/univ-careet/FileData/Picture/202504/f37be3c7-70f1-4bb3-ac21-7a760acc21e6_770x426.png,,,,,disabled,캐릿,80851,"[{""position"":1,""name"":""나니가스키"",""parent_section"":null},{""position"":2,""name"":""나같경"",""parent_section"":null},{""position"":3,""name"":""GMG / HMH"",""parent_section"":null}]",3,true,2,9,success,2026-07-09T17:42:42+09:00
careet,1,요즘 뜨는 밈,1621,https://www.careet.net/1621,‘Gwansik(관식이)’가 전세계 고유명사? 해외로 퍼진 한국어 밈 모음,2025-04-16,유행지남,expired,https://s3.ap-northeast-2.amazonaws.com/univ-careet/FileData/Picture/202504/de3417b3-54cf-4d14-9891-7d227951d3d4_770x426.png,,,,,disabled,이시은,11,[],0,true,2,10,success,2026-07-09T17:42:43+09:00
careet,1,요즘 뜨는 밈,1614,https://www.careet.net/1614,이거 모르면 말 안 통함! 요즘 뜨는 밈 모음,2025-04-02,유행지남,expired,https://s3.ap-northeast-2.amazonaws.com/univ-careet/FileData/Picture/202503/cf7df7f3-8a3a-40b4-a83f-dc6f1242af5a_770x426.png,,,,,disabled,캐릿,80851,"[{""position"":1,""name"":""좋은 OO 위대한 OO"",""parent_section"":null},{""position"":2,""name"":""초코파이 아홉"",""parent_section"":null},{""position"":3,""name"":""669 치킨"",""parent_section"":null},{""position"":4,""name"":""바람은 왱왱왱 마음은 잉잉잉"",""parent_section"":null}]",4,true,2,11,success,2026-07-09T17:42:45+09:00
careet,1,요즘 뜨는 밈,1601,https://www.careet.net/1601,"주변에 10대, 20대가 있어야 알 수 있는 학생 픽 요즘 유행어 모음",2025-03-18,유행지남,expired,https://s3.ap-northeast-2.amazonaws.com/univ-careet/FileData/Picture/202503/3b2184eb-384e-47f7-8833-f779770ce6ff_770x426.png,,,,,disabled,김희연,8,"[{""position"":1,""name"":""익속(익속마)"",""parent_section"":null},{""position"":2,""name"":""몰랐어"",""parent_section"":null},{""position"":3,""name"":""허거덩거덩스"",""parent_section"":null},{""position"":4,""name"":""학교가 날아가 버렸으면 좋겠어"",""parent_section"":null}]",4,true,2,12,success,2026-07-09T17:42:47+09:00
careet,1,요즘 뜨는 밈,1589,https://www.careet.net/1589,"크리에이터가 만든 신조어, Z세대도 쓸까? 캐릿이 검증했습니다",2025-02-26,유행지남,expired,https://s3.ap-northeast-2.amazonaws.com/univ-careet/FileData/Picture/202502/388bc659-9dac-4a80-bad6-0470d2929378_770x426.png,,,,,disabled,오해서,154330,"[{""position"":1,""name"":""콜건적, 음본나, 위쑤시개? 크리에이터가 만든 신조어, 진짜 쓸까?"",""parent_section"":null},{""position"":2,""name"":""2"",""parent_section"":null},{""position"":3,""name"":"". 나잇값 하라구요? 싫어용."",""parent_section"":null},{""position"":4,""name"":""호프레스코어(hopelesscore)"",""parent_section"":null}]",4,true,3,1,success,2026-07-09T17:42:48+09:00
careet,1,요즘 뜨는 밈,1578,https://www.careet.net/1578,F&B 관계자는 알아야 하는 음식 관련 밈부터 SNS 유행어까지!,2025-02-12,유행지남,expired,https://s3.ap-northeast-2.amazonaws.com/univ-careet/FileData/Picture/202502/9ba8238c-1ece-4638-9352-f43f6fd2b456_770x426.png,,,,,disabled,캐릿,80851,[],0,true,3,2,success,2026-07-09T17:42:50+09:00
careet,1,요즘 뜨는 밈,1567,https://www.careet.net/1567,‘ㅎㄹㅅ’는 무슨 뜻? 2025 초성 능력 검정 시험,2025-01-31,유행지남,expired,https://s3.ap-northeast-2.amazonaws.com/univ-careet/FileData/Picture/202501/a6261222-3452-41ae-b8f0-24d5db39ea06_770x426.png,,,,,disabled,캐릿,80851,[],0,true,3,3,success,2026-07-09T17:42:52+09:00
careet,1,요즘 뜨는 밈,1556,https://www.careet.net/1556,"‘엉엉’ 울면 기성세대, ‘듀아아아’ 울면 Z세대? 요즘 뜨는 밈",2025-01-08,유행지남,expired,https://s3.ap-northeast-2.amazonaws.com/univ-careet/FileData/Picture/202501/1af8bab2-d33c-4667-8696-7a132a7dc5b3_770x426.png,,,,,disabled,서재경,7,"[{""position"":1,""name"":""듀아아아아"",""parent_section"":null},{""position"":2,""name"":""듀벅듀벅"",""parent_section"":null},{""position"":3,""name"":""나 안아"",""parent_section"":null},{""position"":4,""name"":""듀듀듀 뱌뱌뱌"",""parent_section"":null}]",4,true,3,4,success,2026-07-09T17:42:53+09:00
careet,1,요즘 뜨는 밈,1536,https://www.careet.net/1536,Z세대는 맛있는 거 먹고 뭐라고 함? 요즘 감성 감탄사 모음,2024-12-17,유행지남,expired,https://s3.ap-northeast-2.amazonaws.com/univ-careet/FileData/Picture/202412/3a659a93-aca2-4c99-a059-34fb3bf0c15d_770x426.png,,,,,disabled,캐릿,80851,[],0,true,3,5,success,2026-07-09T17:42:55+09:00
careet,1,요즘 뜨는 밈,1521,https://www.careet.net/1521,푸데푸데부터 쿨쿨슨까지 Z세대가 쓰는 요즘 의성어 모음,2024-11-27,유행지남,expired,https://s3.ap-northeast-2.amazonaws.com/univ-careet/FileData/Picture/202411/b8667e7c-41ff-4986-90fd-caa382a7f133_770x426.png,,,,,disabled,서재경,7,"[{""position"":1,""name"":""푸데푸데"",""parent_section"":null},{""position"":2,""name"":""드렁슨 타이거"",""parent_section"":null},{""position"":3,""name"":""깔깔슨 / 엉엉슨"",""parent_section"":null},{""position"":4,""name"":""복복"",""parent_section"":null}]",4,true,3,6,success,2026-07-09T17:42:56+09:00
careet,1,요즘 뜨는 밈,1506,https://www.careet.net/1506,롤드컵부터 유튜브까지! 모르면 안 되는 밈 4,2024-11-12,유행지남,expired,https://s3.ap-northeast-2.amazonaws.com/univ-careet/FileData/Picture/202411/c135707e-2d7a-473a-9d7c-f876b4572ad7_770x426.png,,,,,disabled,캐릿,80851,"[{""position"":1,""name"":""가슴에 국밥 쏟음"",""parent_section"":null},{""position"":2,""name"":""롤드컵 밈: 미움받을 용기, 증명하세요"",""parent_section"":null},{""position"":3,""name"":""너 내가 선생이야 누나야"",""parent_section"":null}]",3,true,3,7,success,2026-07-09T17:42:58+09:00
careet,1,요즘 뜨는 밈,1492,https://www.careet.net/1492,Z세대가 정말 쓰는 유행어 vs 안 쓰는 유행어,2024-10-29,유행지남,expired,https://s3.ap-northeast-2.amazonaws.com/univ-careet/FileData/Picture/202410/03bf4eed-d5b0-4d41-88a1-f220a0fb56b7_770x426.png,,,,,disabled,김희연,8,"[{""position"":1,""name"":""깊생"",""parent_section"":null},{""position"":2,""name"":""감다살"",""parent_section"":null},{""position"":3,""name"":""카우룽 카우룽"",""parent_section"":null},{""position"":4,""name"":""MZ스럽다는 줄임말 ‘핣핣’, 진짜 쓸까?"",""parent_section"":null}]",4,true,3,8,success,2026-07-09T17:43:00+09:00
careet,1,요즘 뜨는 밈,1475,https://www.careet.net/1475,이거 모르면 대화 안 될걸요? 흑백요리사 밈 모음,2024-09-30,유행지남,expired,https://s3.ap-northeast-2.amazonaws.com/univ-careet/FileData/Picture/202410/9095eecc-dda8-4ac0-ac19-1ac1fb27030a_770x426.png,,,,,disabled,캐릿,80851,"[{""position"":1,""name"":""익힘 정도"",""parent_section"":null},{""position"":2,""name"":""생존입니다"",""parent_section"":null},{""position"":3,""name"":""나야 들기름"",""parent_section"":null},{""position"":4,""name"":""킥"",""parent_section"":null},{""position"":5,""name"":""백종원 패러디 짤"",""parent_section"":null},{""position"":6,""name"":""기타 화두"",""parent_section"":null}]",6,true,3,9,success,2026-07-09T17:43:01+09:00
careet,1,요즘 뜨는 밈,1471,https://www.careet.net/1471,지금 써야 해요! 엑스(X)에서 시작해 곧 대중화 될 밈 4,2024-09-25,유행지남,expired,https://s3.ap-northeast-2.amazonaws.com/univ-careet/FileData/Picture/202409/047ba7a5-409a-43c0-b123-18085f2f31e6_770x426.png,,,,,disabled,이시은,11,[],0,true,3,10,success,2026-07-09T17:43:03+09:00
careet,1,요즘 뜨는 밈,1451,https://www.careet.net/1451,"느좋, 블랙스완 밈 아세요? 요즘 뜨는 최신 유행어 3",2024-08-28,유행지남,expired,https://s3.ap-northeast-2.amazonaws.com/univ-careet/FileData/Picture/202408/3c64bebe-c083-4391-877b-9e4b5c1bdb7a_770x426.png,,,,,disabled,캐릿,80851,"[{""position"":1,""name"":""느좋"",""parent_section"":null},{""position"":2,""name"":""매니절"",""parent_section"":null},{""position"":3,""name"":""나만의 블랙스완 당신을 보고 첫눈에 반했습니다"",""parent_section"":null}]",3,true,3,11,success,2026-07-09T17:43:05+09:00
careet,1,요즘 뜨는 밈,1441,https://www.careet.net/1441,아직 ‘점메추’밖에 모르신다고요? 요즘 뜨는 줄임말 모음,2024-08-13,유행지남,expired,https://s3.ap-northeast-2.amazonaws.com/univ-careet/FileData/Picture/202408/3ca716d2-d8c9-4db2-bd15-a3ddcd124880_770x426.png,,,,,disabled,서재경,7,[],0,true,3,12,success,2026-07-09T17:43:07+09:00
careet,1,요즘 뜨는 밈,1432,https://www.careet.net/1432,"모르면 안 되는 밈 제조기! 오해원, 랄랄 밈 모음",2024-07-31,유행중,current,https://s3.ap-northeast-2.amazonaws.com/univ-careet/FileData/Picture/202407/b4abb1a7-c378-4342-996d-fd03fa87d047_770x426.png,,,,,disabled,이시은,11,[],0,true,4,1,success,2026-07-09T17:43:08+09:00
careet,1,요즘 뜨는 밈,1421,https://www.careet.net/1421,왜 이렇게 유행이야? ‘티라미수 케익’ 밈 유래 총정리,2024-07-17,유행지남,expired,https://s3.ap-northeast-2.amazonaws.com/univ-careet/FileData/Picture/202407/201f88e2-acc2-4504-aeed-6048d4975f97_770x426.png,,,,,disabled,서재경,7,"[{""position"":1,""name"":""티라미수 케익"",""parent_section"":null},{""position"":2,""name"":""초진지 표정"",""parent_section"":null},{""position"":3,""name"":""행집욕부"",""parent_section"":null}]",3,true,4,2,success,2026-07-09T17:43:10+09:00
careet,1,요즘 뜨는 밈,1410,https://www.careet.net/1410,최신 밈은 댓글에서 시작된다고? 댓글에서 자주 쓰이는 밈 15,2024-07-03,유행지남,expired,https://s3.ap-northeast-2.amazonaws.com/univ-careet/FileData/Picture/202406/5cf51954-770b-4681-b926-879c613ecb37_770x426.png,,,,,disabled,캐릿,80851,[],0,true,4,3,success,2026-07-09T17:43:11+09:00
careet,1,요즘 뜨는 밈,1399,https://www.careet.net/1399,카피에 활용하기 좋은 최신 유행 밈 리스트업,2024-06-19,유행지남,expired,https://s3.ap-northeast-2.amazonaws.com/univ-careet/FileData/Picture/202406/41ed6f42-a376-4cc8-8449-d79b8f04a4c0_770x426.png,,,,,disabled,서재경,7,"[{""position"":1,""name"":""넘어갈게요"",""parent_section"":null},{""position"":2,""name"":""아할 / 아할점"",""parent_section"":null},{""position"":3,""name"":""딱뚝콱"",""parent_section"":null},{""position"":4,""name"":""수수수수퍼노바"",""parent_section"":null},{""position"":5,""name"":""아오에"",""parent_section"":null},{""position"":6,""name"":""준비 갈 완료"",""parent_section"":null},{""position"":7,""name"":""이것 뭐에요~?"",""parent_section"":null}]",7,true,4,4,success,2026-07-09T17:43:13+09:00
careet,1,요즘 뜨는 밈,1379,https://www.careet.net/1379,몇 개나 알고 계세요? 요즘 가장 핫한 밈 8,2024-05-22,유행지남,expired,https://s3.ap-northeast-2.amazonaws.com/univ-careet/FileData/Picture/202405/8275e527-0adb-4b50-82b6-a244f4952e11_770x426.png,,,,,disabled,이시은,11,"[{""position"":1,""name"":""원영적 사고"",""parent_section"":null},{""position"":2,""name"":""릴스 챌린지로 화제가 된 밈 3"",""parent_section"":null},{""position"":3,""name"":""약속의 8회"",""parent_section"":null},{""position"":4,""name"":""토스트 아웃"",""parent_section"":null},{""position"":5,""name"":""아이돌 노래 가사 밈 2"",""parent_section"":null}]",5,true,4,5,success,2026-07-09T17:43:15+09:00
careet,1,요즘 뜨는 밈,1349,https://www.careet.net/1349,남들보다 먼저 쓰세요! 요즘 뜨는 밈 모음.zip,2024-04-09,유행지남,expired,https://s3.ap-northeast-2.amazonaws.com/univ-careet/FileData/Picture/202404/dc9c971b-a28d-44cc-b49c-6423cf033cb9_770x426.png,,,,,disabled,이시은,11,"[{""position"":1,""name"":""사실 넘 부러웠어요"",""parent_section"":null},{""position"":2,""name"":""고산병 드립"",""parent_section"":null},{""position"":3,""name"":""조커가 되"",""parent_section"":null}]",3,true,4,6,success,2026-07-09T17:43:16+09:00
careet,1,요즘 뜨는 밈,1340,https://www.careet.net/1340,[이주의 밈] 난 대학 시절 묵찌빠를 전공했단 사실,2024-03-29,유행지남,expired,https://s3.ap-northeast-2.amazonaws.com/univ-careet/FileData/Picture/202403/2e5006fe-4af0-47c4-b79d-6acdfb061518_770x426.png,,,,,disabled,김희연,8,[],0,true,4,7,success,2026-07-09T17:43:18+09:00
careet,1,요즘 뜨는 밈,1321,https://www.careet.net/1321,화제의 작품 ‘파묘’부터 SNS 유행 밈까지! 최신 밈 총정리,2024-03-06,유행지남,expired,https://s3.ap-northeast-2.amazonaws.com/univ-careet/FileData/Picture/202403/49fc260b-a06c-4f9d-a19c-264d3b8fa99b_770x426.png,,,,,disabled,강지혜,78695,"[{""position"":1,""name"":""영화 ‘파묘’ 밈 모음집"",""parent_section"":null},{""position"":2,""name"":""진실게임 하자, 좋아하는 OO 있어?"",""parent_section"":null},{""position"":3,""name"":""OO 감성 모르면 나가라"",""parent_section"":null},{""position"":4,""name"":""휀걸 / 휀보이"",""parent_section"":null},{""position"":5,""name"":""키친타월 속마음 밈"",""parent_section"":null},{""position"":6,""name"":""진정한 OOO이 되고 싶나?"",""parent_section"":null}]",6,true,4,8,success,2026-07-09T17:43:19+09:00
careet,1,요즘 뜨는 밈,1311,https://www.careet.net/1311,최신 밈 팔로우업하세요! ‘국가권력급’이 무슨 뜻?,2024-02-22,유행지남,expired,https://s3.ap-northeast-2.amazonaws.com/univ-careet/FileData/Picture/202402/2ff1f2db-6073-448b-9f92-2837aba36c57_770x426.png,,,,,disabled,캐릿,80851,[],0,true,4,9,success,2026-07-09T17:43:21+09:00
careet,1,요즘 뜨는 밈,1281,https://www.careet.net/1281,신조어 또 생겼어? Z세대는 ‘맛있다’를 이렇게 말함!,2024-01-24,유행지남,expired,https://s3.ap-northeast-2.amazonaws.com/univ-careet/FileData/Picture/202401/5ab04655-ee0d-4d11-8d38-16b5725b0459_770x426.png,,,,,disabled,캐릿,80851,[],0,true,4,10,success,2026-07-09T17:43:23+09:00
careet,1,요즘 뜨는 밈,1247,https://www.careet.net/1247,모르고 지나가면 안 되는 2023 밈(meme) 타임라인,2023-12-14,,unknown,https://s3.ap-northeast-2.amazonaws.com/univ-careet/FileData/Picture/202312/3f6805f3-2796-4831-aaaa-c6d394157556_770x426.png,,,,,disabled,캐릿,80851,[],0,true,4,11,success,2026-07-09T17:43:24+09:00
careet,1,요즘 뜨는 밈,1231,https://www.careet.net/1231,‘중꺾마’를 이을 e스포츠 밈 등장! 화제의 2023 월즈(롤드컵) 이슈 총정리,2023-11-22,유행지남,expired,https://s3.ap-northeast-2.amazonaws.com/univ-careet/FileData/Picture/202311/bb9754db-41fb-4f21-b533-1efdf6afd468_770x426.png,,,,,disabled,서재경,7,[],0,true,4,12,success,2026-07-09T17:43:26+09:00
careet,1,요즘 뜨는 밈,1202,https://www.careet.net/1202,Z세대가 ‘호떡’을 부르는 신조어는? 모르면 뒤처지는 요즘 뜨는 밈 4,2023-10-18,,unknown,https://s3.ap-northeast-2.amazonaws.com/univ-careet/FileData/Picture/202310/3e7e0445-3812-4c06-bc75-a1bed40a3332_770x426.png,,,,,disabled,서재경,7,[],0,true,5,1,success,2026-07-09T17:43:27+09:00
careet,1,요즘 뜨는 밈,1185,https://www.careet.net/1185,‘승훈이 됨’이 무슨 뜻? 유튜브 댓글에 자주 보이는 최신 밈 3,2023-09-25,,unknown,https://s3.ap-northeast-2.amazonaws.com/univ-careet/FileData/Picture/202309/deca04f6-3ebd-4998-a0bf-e56cbe60689f_770x426.png,,,,,disabled,캐릿,80851,[],0,true,5,2,success,2026-07-09T17:43:29+09:00
careet,1,요즘 뜨는 밈,1164,https://www.careet.net/1164,Z세대가 요즘 자주 쓴다고 검증해 준 밈 3,2023-08-30,유행지남,expired,https://s3.ap-northeast-2.amazonaws.com/univ-careet/FileData/Picture/202308/7851644c-7c90-4c3d-91e8-9815b63f4d23_770x426.png,,,,,disabled,서재경,7,[],0,true,5,3,success,2026-07-09T17:43:31+09:00
careet,1,요즘 뜨는 밈,1142,https://www.careet.net/1142,이중 몇 개나 아세요? 요즘 뜨는 밈 6개 속성 과외,2023-08-01,유행지남,expired,https://s3.ap-northeast-2.amazonaws.com/univ-careet/FileData/Picture/202308/9b251d6d-e1df-4cfd-97f7-f327ac629ec3_770x426.png,,,,,disabled,이시은,11,[],0,true,5,4,success,2026-07-09T17:43:32+09:00
careet,1,요즘 뜨는 밈,1118,https://www.careet.net/1118,기획에 영감을 주는 ‘레전드 썰’ 모음,2023-07-26,,unknown,https://s3.ap-northeast-2.amazonaws.com/univ-careet/FileData/Picture/202307/c6d72fad-4f2b-443b-8f12-52ead0c47786_770x426.png,,,,,disabled,김희연,8,[],0,true,5,5,success,2026-07-09T17:43:34+09:00
careet,1,요즘 뜨는 밈,1103,https://www.careet.net/1103,SNS 콘텐츠 제작할 때 참고하세요! Z세대는 다 아는 전단지 밈,2023-06-21,,unknown,https://s3.ap-northeast-2.amazonaws.com/univ-careet/FileData/Picture/202306/8a2db368-6256-4a96-b3ca-f39324144210_770x426.png,,,,,disabled,이시은,11,[],0,true,5,6,success,2026-07-09T17:43:36+09:00
careet,1,요즘 뜨는 밈,1105,https://www.careet.net/1105,캐릿 1020 자문단 제보! 지금 쓰면 센스 있다고 칭찬받을 최신 밈 6,2023-06-15,유행지남,expired,https://s3.ap-northeast-2.amazonaws.com/univ-careet/FileData/Picture/202306/c2ebe6c5-aa83-4b65-ac1e-00ec987d5eda_770x426.png,,,,,disabled,서재경,7,[],0,true,5,7,success,2026-07-09T17:43:37+09:00
careet,1,요즘 뜨는 밈,1075,https://www.careet.net/1075,‘추구미’부터 ‘오우예 씨몬’까지! Z세대가 인증한 찐으로 자주 사용하는 밈 5,2023-05-08,유행지남,expired,https://s3.ap-northeast-2.amazonaws.com/univ-careet/FileData/Picture/202305/2102a145-4820-428f-ad67-de53760ed107_770x426.png,,,,,disabled,서재경,7,[],0,true,5,8,success,2026-07-09T17:43:40+09:00
careet,1,요즘 뜨는 밈,1048,https://www.careet.net/1048,요즘 밈 7개 속성 과외! 퀴즈 풀면서 재미있게 유행어 공부하기,2023-03-27,유행지남,expired,https://s3.ap-northeast-2.amazonaws.com/univ-careet/FileData/Picture/202303/df65ed4e-9f93-461e-be25-cab7d2ff265f_770x426.png,,,,,disabled,이시은,11,[],0,true,5,9,success,2026-07-09T17:43:41+09:00
careet,1,요즘 뜨는 밈,1026,https://www.careet.net/1026,‘여러분 너무 보고 싶었어↗’ 어디서 시작된 밈일까? 최신 유행어 뜻 & 유래 모음,2023-03-02,유행지남,expired,https://s3.ap-northeast-2.amazonaws.com/univ-careet/FileData/Picture/202302/e3ef7423-a86d-425f-a4e9-0584bc345252_770x426.png,,,,,disabled,캐릿,80851,[],0,true,5,10,success,2026-07-09T17:43:42+09:00
careet,1,요즘 뜨는 밈,985,https://www.careet.net/985,‘폼 미쳤다’의 유래와 뜻은? 요즘 유행하는 밈 총정리,2023-01-19,유행지남,expired,https://s3.ap-northeast-2.amazonaws.com/univ-careet/FileData/Picture/202301/fe45e3a4-0c55-4880-b5db-22d6070eab7e_770x426.png,,,,,disabled,캐릿,80851,[],0,true,5,11,success,2026-07-09T17:43:44+09:00
careet,1,요즘 뜨는 밈,958,https://www.careet.net/958,지금 써도 먹히는 기출 변형 MBTI 밈 “MBTI랑 반응 알려줘”,2022-12-05,유행지남,expired,https://s3.ap-northeast-2.amazonaws.com/univ-careet/FileData/Picture/202212/7cb5007b-a759-4b8f-b50d-c069e2570f31_770x426.png,,,,,disabled,이주미,114873,[],0,true,5,12,success,2026-07-09T17:43:46+09:00
careet,1,요즘 뜨는 밈,936,https://www.careet.net/936,“중요한 건 꺾이지 않는 마음” 어디서 나온 말이야?,2022-11-18,유행지남,expired,https://s3.ap-northeast-2.amazonaws.com/univ-careet/FileData/Picture/202211/1647024c-1eca-4800-ae9f-cfb152d50bd1_770x426.png,,,,,disabled,이시은,11,[],0,true,6,1,success,2026-07-09T17:43:47+09:00
careet,1,요즘 뜨는 밈,920,https://www.careet.net/920,요즘 Z세대가 상대방을 칭찬하는 법? ‘김민재 굉장하다’,2022-10-28,유행지남,expired,https://s3.ap-northeast-2.amazonaws.com/univ-careet/FileData/Picture/202210/b4112857-8aae-41c3-aa27-bf1dccc33f8c_770x426.png,,,,,disabled,강지혜,78695,[],0,true,6,2,success,2026-07-09T17:43:49+09:00
careet,1,요즘 뜨는 밈,901,https://www.careet.net/901,‘내봬누’가 무슨 뜻? 나만 안 보는 <환승연애2> 과외해 드림,2022-10-14,유행지남,expired,https://s3.ap-northeast-2.amazonaws.com/univ-careet/FileData/Picture/202210/d2f2fe89-99ae-406e-b089-d22c571be4d8_770x426.png,,,,,disabled,진성훈,92743,[],0,true,6,3,success,2026-07-09T17:43:50+09:00
careet,1,요즘 뜨는 밈,887,https://www.careet.net/887,아재 개그 유행이 돌아왔다? Z세대가 써먹는 말장난 밈 (feat. 어라랍스타~?),2022-09-23,유행지남,expired,https://s3.ap-northeast-2.amazonaws.com/univ-careet/FileData/Picture/202209/86d4c39c-7aa6-4b52-9fd6-9ba5ac09eb07_770x426.png,,,,,disabled,서재경,7,[],0,true,6,4,success,2026-07-09T17:43:52+09:00
careet,1,요즘 뜨는 밈,882,https://www.careet.net/882,당장 써먹을 수 있는 주접 밈 모음,2022-09-16,유행지남,expired,https://s3.ap-northeast-2.amazonaws.com/univ-careet/FileData/Picture/202209/87c73ad3-6172-4e23-98f8-a2ec7c3dea42_770x426.png,,,,,disabled,캐릿,80851,[],0,true,6,5,success,2026-07-09T17:43:54+09:00
careet,1,요즘 뜨는 밈,863,https://www.careet.net/863,브랜드 SNS 계정도 주목하게 만드는 Z세대발 ‘강조 밈’ 3,2022-08-30,유행지남,expired,https://s3.ap-northeast-2.amazonaws.com/univ-careet/FileData/Picture/202208/651da849-26ff-4d66-8c8c-d76c62720c9c_770x426.png,,,,,disabled,김희연,8,[],0,true,6,6,success,2026-07-09T17:43:56+09:00
careet,1,요즘 뜨는 밈,841,https://www.careet.net/841,"2022년 3분기 신조어, 유행어 모음(트능 예상 문제!)",2022-08-05,유행지남,expired,https://s3.ap-northeast-2.amazonaws.com/univ-careet/FileData/Picture/202208/8f769d15-c90b-4933-a78b-37489aa0d1e5_770x426.png,,,,,disabled,이시은,11,[],0,true,6,7,success,2026-07-09T17:43:57+09:00
careet,1,요즘 뜨는 밈,836,https://www.careet.net/836,"[당장 써먹는 유행어] ‘마침내’, ‘OO할 결심’? 영화 <헤어질 결심> 밈 8",2022-07-29,유행지남,expired,https://s3.ap-northeast-2.amazonaws.com/univ-careet/FileData/Picture/202207/1d1483ed-9d46-4070-a5e1-053a0b603603_770x426.png,,,,,disabled,캐릿,80851,[],0,true,6,8,success,2026-07-09T17:43:59+09:00
careet,1,요즘 뜨는 밈,811,https://www.careet.net/811,[당장 써먹는 유행어] 그러나! 벗! 하우에버! 네버더레스!,2022-07-06,유행지남,expired,https://s3.ap-northeast-2.amazonaws.com/univ-careet/FileData/Picture/202207/8dc3ac6a-726d-4ddc-acc3-e52c0bce218b_770x426.png,,,,,disabled,캐릿,80851,[],0,true,6,9,success,2026-07-09T17:44:01+09:00
careet,1,요즘 뜨는 밈,804,https://www.careet.net/804,‘펫 프렌들리’ Z세대 타깃으로 활용하면 반응 좋을 동물 밈 3,2022-06-24,유행지남,expired,https://s3.ap-northeast-2.amazonaws.com/univ-careet/FileData/Picture/202206/2c416e8e-48c5-4718-b2dd-5bf1fa70c05e_770x426.png,,,,,disabled,서재경,7,[],0,true,6,10,success,2026-07-09T17:44:02+09:00
careet,1,요즘 뜨는 밈,779,https://www.careet.net/779,"H워얼V, 킹아? 진짜 10대 신조어인지 팩트체크 해봤습니다",2022-06-03,유행지남,expired,https://s3.ap-northeast-2.amazonaws.com/univ-careet/FileData/Picture/202206/aaaf1e95-3d7f-4686-97c1-b6affc3c46fe_770x426.png,,,,,disabled,김희연,8,[],0,true,6,11,success,2026-07-09T17:44:04+09:00
careet,1,요즘 뜨는 밈,770,https://www.careet.net/770,SNS 바닥글에 쓸 드립이 바닥났다면? 당장 써 먹는 드립 3,2022-05-27,유행지남,expired,https://s3.ap-northeast-2.amazonaws.com/univ-careet/FileData/Picture/202205/54990dd6-1ccd-4d2d-8032-86bd7c22200d_770x426.png,,,,,disabled,진성훈,92743,[],0,true,6,12,success,2026-07-09T17:44:05+09:00
careet,1,요즘 뜨는 밈,749,https://www.careet.net/749,SNS 화제의 밈은 ‘침펄’로부터 시작된다고? Z세대 신조어 어원을 찾아서,2022-05-13,유행지남,expired,https://s3.ap-northeast-2.amazonaws.com/univ-careet/FileData/Picture/202205/15a2794e-a7c5-4bae-b2c0-28ea3e341cf7_770x426.png,,,,,disabled,서재경,7,[],0,true,7,1,success,2026-07-09T17:44:07+09:00
careet,1,요즘 뜨는 밈,741,https://www.careet.net/741,Z세대 유행어 또 생겼어? 누구나 쉽게 응용 가능한 드립 3,2022-05-06,유행지남,expired,https://s3.ap-northeast-2.amazonaws.com/univ-careet/FileData/Picture/202205/13ff058c-e1c2-4ab6-8faf-3d0f26a3fb9d_770x426.png,,,,,disabled,이시은,11,[],0,true,7,2,success,2026-07-09T17:44:09+09:00
careet,1,요즘 뜨는 밈,732,https://www.careet.net/732,포즈에 진심인 Z세대! 갸루브이 따라 하는 진짜 이유,2022-04-29,,unknown,https://s3.ap-northeast-2.amazonaws.com/univ-careet/FileData/Picture/202204/bd7c67a6-028d-4185-9cc4-3269e023c484_770x426.png,,,,,disabled,이시은,11,[],0,true,7,3,success,2026-07-09T17:44:11+09:00
careet,1,요즘 뜨는 밈,712,https://www.careet.net/712,"이게 이 사람이 만든 밈이었어?(feat. 박재범, BTS 정국, NCT 천러)",2022-04-08,유행지남,expired,https://s3.ap-northeast-2.amazonaws.com/univ-careet/FileData/Picture/202204/a9c4ea95-f0ab-427a-aa05-4e2ad61c7468_770x426.png,,,,,disabled,박지원,76192,[],0,true,7,4,success,2026-07-09T17:44:12+09:00
careet,1,요즘 뜨는 밈,695,https://www.careet.net/695,2023 트렌드 능력고사 출제 예상 문제! 격세지감 Z세대 표현법 5,2022-04-01,유행지남,expired,https://s3.ap-northeast-2.amazonaws.com/univ-careet/FileData/Picture/202204/8fc3ef54-d4e8-472b-a4af-b5362ffaca20_770x426.png,,,,,disabled,캐릿,80851,[],0,true,7,5,success,2026-07-09T17:44:13+09:00
careet,1,요즘 뜨는 밈,669,https://www.careet.net/669,[당장 써 먹는 유행어] 너 혹시… 뭐 돼?,2022-03-11,유행지남,expired,https://s3.ap-northeast-2.amazonaws.com/univ-careet/FileData/Picture/202203/35421a81-39d4-42ef-9c48-783a4b54c51c_770x426.png,,,,,disabled,캐릿,80851,[],0,true,7,6,success,2026-07-09T17:44:15+09:00
careet,1,요즘 뜨는 밈,660,https://www.careet.net/660,"[이게 왜 유행이야?] 깻잎 논쟁, 유래부터 종결까지! 타임라인 총정리",2022-03-04,유행지남,expired,https://s3.ap-northeast-2.amazonaws.com/univ-careet/FileData/Picture/202203/c360e127-3568-46ad-af9c-346835674710_770x426.png,,,,,disabled,캐릿,80851,[],0,true,7,7,success,2026-07-09T17:44:17+09:00
careet,1,요즘 뜨는 밈,646,https://www.careet.net/646,Z세대가 주목한 2022 동계올림픽 스타·밈 모음.zip,2022-02-18,유행지남,expired,https://s3.ap-northeast-2.amazonaws.com/univ-careet/FileData/Picture/202202/2edfaeda-b941-49cd-9a79-215f0000206c_770x426.png,,,,,disabled,캐릿,80851,[],0,true,7,8,success,2026-07-09T17:44:18+09:00
careet,1,요즘 뜨는 밈,629,https://www.careet.net/629,[당장 써먹는 짤줍] 케이팝에서 유래한 밈 모음,2022-02-04,유행지남,expired,https://s3.ap-northeast-2.amazonaws.com/univ-careet/FileData/Picture/202202/0a5e5afb-6d3d-4935-b55d-5803f6563cb6_770x426.png,,,,,disabled,김희연,8,[],0,true,7,9,success,2026-07-09T17:44:20+09:00
careet,1,요즘 뜨는 밈,630,https://www.careet.net/630,[당장 써먹는 짤줍] 예쁘게 생긴 건 잘한 게 아니에요! 그치만...,2022-01-28,유행지남,expired,https://s3.ap-northeast-2.amazonaws.com/univ-careet/FileData/Picture/202201/24f9bfe5-6266-40b3-95b2-653a296867ac_770x426.png,,,,,disabled,캐릿,80851,[],0,true,7,10,success,2026-07-09T17:44:21+09:00
careet,1,요즘 뜨는 밈,606,https://www.careet.net/606,[당장 써먹는 짤줍] “내가 감히 내가 또 잘못을”,2022-01-07,유행지남,expired,https://s3.ap-northeast-2.amazonaws.com/univ-careet/FileData/Picture/202201/e1bf3144-d54f-427f-bbf8-67bee127655b_770x426.png,,,,,disabled,강지혜,78695,[],0,true,7,11,success,2026-07-09T17:44:23+09:00
careet,1,요즘 뜨는 밈,601,https://www.careet.net/601,‘신기방기 뿡뿡방기’는 어떻게 만들어진 유행어야?,2021-12-31,유행지남,expired,https://s3.ap-northeast-2.amazonaws.com/univ-careet/FileData/Picture/202112/f7f88a9d-c666-43f5-b792-2a1d8b620e2e_770x426.png,,,,,disabled,캐릿,80851,[],0,true,7,12,success,2026-07-09T17:44:25+09:00
careet,1,요즘 뜨는 밈,581,https://www.careet.net/581,[당장 써먹는 짤줍] “난 이렇게 살아왔는데”,2021-12-10,유행지남,expired,https://s3.ap-northeast-2.amazonaws.com/univ-careet/FileData/Picture/202112/52a0cb05-bd3a-423c-b1c8-86b6213f3b5a_770x426.png,,,,,disabled,캐릿,80851,[],0,true,8,1,success,2026-07-09T17:44:26+09:00
careet,1,요즘 뜨는 밈,573,https://www.careet.net/573,[당장 써먹는 짤줍] 가족이 되어주라!,2021-12-03,유행지남,expired,https://s3.ap-northeast-2.amazonaws.com/univ-careet/FileData/Picture/202112/c935de91-d652-4e2c-8dd1-a882440bb30c_770x426.png,,,,,disabled,캐릿,80851,[],0,true,8,2,success,2026-07-09T17:44:28+09:00
careet,1,요즘 뜨는 밈,552,https://www.careet.net/552,[당장 써먹는 짤줍] ○○ : △△할게,2021-11-12,유행지남,expired,https://s3.ap-northeast-2.amazonaws.com/univ-careet/FileData/Picture/202111/72b3c987-e57e-4ce7-a6b8-e9e881c11c2f_770x426.png,,,,,disabled,박지원,76192,[],0,true,8,3,success,2026-07-09T17:44:30+09:00
careet,1,요즘 뜨는 밈,542,https://www.careet.net/542,[당장 써먹는 짤줍] ‘내가 침울해하면 OO이 개인기 △△를 해준다’,2021-11-05,유행지남,expired,https://s3.ap-northeast-2.amazonaws.com/univ-careet/FileData/Picture/202111/490d1b93-2f9a-4d59-ab3e-ffca37b32781_770x426.png,,,,,disabled,서재경,7,[],0,true,8,4,success,2026-07-09T17:44:31+09:00
careet,1,요즘 뜨는 밈,520,https://www.careet.net/520,[당장 써먹는 짤줍] 곧 대유행 예감! 지금 놓치면 후회하는 <쇼미더머니 10> 밈,2021-10-13,유행지남,expired,https://s3.ap-northeast-2.amazonaws.com/univ-careet/FileData/Picture/202110/1a02ace3-e978-44ba-b359-ff4a1ba88f7c_770x426.png,,,,,disabled,서재경,7,[],0,true,8,5,success,2026-07-09T17:44:33+09:00
careet,1,요즘 뜨는 밈,503,https://www.careet.net/503,[당장 써먹는 짤줍] 어제 내 세상이 무너졌어,2021-09-24,유행지남,expired,https://s3.ap-northeast-2.amazonaws.com/univ-careet/FileData/Picture/202109/8933d70f-fe69-4470-b5e9-7c3626d2b74f_770x426.png,,,,,disabled,김희연,8,[],0,true,8,6,success,2026-07-09T17:44:35+09:00
careet,1,요즘 뜨는 밈,481,https://www.careet.net/481,[당장 써먹는 짤줍] OO이 있는 타일을 모두 선택하세요,2021-09-03,유행지남,expired,https://s3.ap-northeast-2.amazonaws.com/univ-careet/FileData/Picture/202109/6c73a7b5-d8b8-4397-9379-0f1933fd2933_770x426.png,,,,,disabled,주진희,14915,[],0,true,8,7,success,2026-07-09T17:44:37+09:00
careet,1,요즘 뜨는 밈,478,https://www.careet.net/478,[당장 써먹는 짤줍] 괜찮겠어? 난 OO할 줄 모르는 OO인데,2021-08-27,유행지남,expired,https://s3.ap-northeast-2.amazonaws.com/univ-careet/FileData/Picture/202108/05d7a684-c5c1-4175-895a-e8fa87b9fb37_770x426.png,,,,,disabled,이시은,11,[],0,true,8,8,success,2026-07-09T17:44:38+09:00
careet,1,요즘 뜨는 밈,460,https://www.careet.net/460,[당장 써먹는 짤줍] OO은 △△을 찢어,2021-08-06,,unknown,https://s3.ap-northeast-2.amazonaws.com/univ-careet/FileData/Picture/202108/156708c2-dfce-4a62-8096-b429d343c26f_770x426.png,,,,,disabled,김슬,12,[],0,true,8,9,success,2026-07-09T17:44:40+09:00
careet,1,요즘 뜨는 밈,395,https://www.careet.net/395,[당장 써먹는 짤줍] 오히려 좋아,2021-06-11,,unknown,https://s3.ap-northeast-2.amazonaws.com/univ-careet/FileData/Picture/202106/4f569b69-5bae-4489-ae66-294a3fc20903_770x426.png,,,,,disabled,주진희,14915,[],0,true,8,10,success,2026-07-09T17:44:41+09:00
careet,1,요즘 뜨는 밈,390,https://www.careet.net/390,"[당장 써먹는 짤줍] 좀 더 가까이, 좀 더 가까이, 그러다 갑자기...",2021-06-04,유행지남,expired,https://s3.ap-northeast-2.amazonaws.com/univ-careet/FileData/Picture/202106/5a1b885f-8402-499f-ac28-3ce882adae99_770x426.png,,,,,disabled,이시은,11,[],0,true,8,11,success,2026-07-09T17:44:43+09:00
careet,1,요즘 뜨는 밈,379,https://www.careet.net/379,[당장 써먹는 짤줍] ~하는 나 제법 젠틀해요,2021-05-14,유행지남,expired,https://s3.ap-northeast-2.amazonaws.com/univ-careet/FileData/Picture/202105/0c9d0262-cea1-4efb-a94c-3d8c6579acec_770x426.png,,,,,disabled,김슬,12,[],0,true,8,12,success,2026-07-09T17:44:45+09:00
careet,1,요즘 뜨는 밈,373,https://www.careet.net/373,"[이게 왜 유행이야?] 숨은 브랜드 콜라보 맛집, 빠더너스 유니버스 총정리",2021-05-07,,unknown,https://s3.ap-northeast-2.amazonaws.com/univ-careet/FileData/Picture/202105/9bfeb7e4-1ab5-447a-bd1c-69925539e76a_770x426.png,,,,,disabled,김혜원,10,[],0,true,9,1,success,2026-07-09T17:44:46+09:00
careet,1,요즘 뜨는 밈,360,https://www.careet.net/360,[이게 왜 유행이야?] Z세대 픽! 모르면 큰일나는 강유미 유니버스 캐릭터 10,2021-04-16,유행지남,expired,https://s3.ap-northeast-2.amazonaws.com/univ-careet/FileData/Picture/202104/38b8197d-f485-4ad2-839f-44049d648d68_770x426.png,,,,,disabled,서재경,7,[],0,true,9,2,success,2026-07-09T17:44:48+09:00
careet,1,요즘 뜨는 밈,353,https://www.careet.net/353,[대신 정리해 드립니다] ‘무도 짤’이 다시 화제인 이유,2021-04-09,,unknown,https://s3.ap-northeast-2.amazonaws.com/univ-careet/FileData/Picture/202104/1bf6b218-95cf-4cd6-a687-8737665a5aba_770x426.png,,,,,disabled,김희연,8,[],0,true,9,3,success,2026-07-09T17:44:49+09:00
careet,1,요즘 뜨는 밈,330,https://www.careet.net/330,[이게 왜 유행이야?] 최준은 시작에 불과하다! 피식대학 밈 총정리zip.,2021-03-19,유행지남,expired,https://s3.ap-northeast-2.amazonaws.com/univ-careet/FileData/Picture/202103/a6c89d45-c002-446d-bdfa-8fcd5f14e0ce_770x426.png,,,,,disabled,주진희,14915,[],0,true,9,4,success,2026-07-09T17:44:51+09:00
careet,1,요즘 뜨는 밈,325,https://www.careet.net/325,[이게 왜 유행이야?] 무야~호~? 무야호 밈 총정리.zip,2021-03-12,유행지남,expired,https://s3.ap-northeast-2.amazonaws.com/univ-careet/FileData/Picture/202103/84a03351-a968-40d6-a862-295617758825_770x426.png,,,,,disabled,이시은,11,[],0,true,9,5,success,2026-07-09T17:44:53+09:00
careet,1,요즘 뜨는 밈,309,https://www.careet.net/309,[당장 써먹는 짤줍] 포브스 선정이 딸이에요,2021-02-19,유행지남,expired,https://s3.ap-northeast-2.amazonaws.com/univ-careet/FileData/Picture/202102/e23387be-aab7-4165-a0a4-0b5a4ad5937f_770x426.png,,,,,disabled,주진희,14915,[],0,true,9,6,success,2026-07-09T17:44:54+09:00
careet,1,요즘 뜨는 밈,300,https://www.careet.net/300,[당장 써먹는 짤줍] 근육 시바견 밈,2021-02-05,유행지남,expired,https://s3.ap-northeast-2.amazonaws.com/univ-careet/FileData/Picture/202102/e02e9bb2-a0ac-43a3-a1f9-9b9d8700abb7_770x426.png,,,,,disabled,김슬,12,[],0,true,9,7,success,2026-07-09T17:44:56+09:00
careet,1,요즘 뜨는 밈,289,https://www.careet.net/289,[당장 써먹는 짤줍] OO으로 본 조선 붕당의 이해,2021-01-22,유행지남,expired,https://s3.ap-northeast-2.amazonaws.com/univ-careet/FileData/Picture/202101/71536b1d-00c9-43d5-ae39-c359a0ba2127_770x426.png,,,,,disabled,서재경,7,[],0,true,9,8,success,2026-07-09T17:44:58+09:00
careet,1,요즘 뜨는 밈,279,https://www.careet.net/279,[이게 왜 유행이야?] ‘광공’을 마스터 했다면 이젠 ‘북부대공’의 차례!,2021-01-08,,unknown,https://s3.ap-northeast-2.amazonaws.com/univ-careet/FileData/Picture/202101/71772940-b1e7-4c8a-8b50-bec709254a56_770x426.png,,,,,disabled,김희연,8,[],0,true,9,9,success,2026-07-09T17:45:00+09:00
careet,1,요즘 뜨는 밈,262,https://www.careet.net/262,[당장 써먹는 짤줍] 한국식 MBTI 확장판,2020-12-11,유행지남,expired,https://s3.ap-northeast-2.amazonaws.com/univ-careet/FileData/Picture/202012/9e5c8324-c3a5-4db8-bcfd-9ccec51d7395_770x426.png,,,,,disabled,김혜원,10,[],0,true,9,10,success,2026-07-09T17:45:01+09:00
careet,1,요즘 뜨는 밈,253,https://www.careet.net/253,"[당장 써먹는 짤줍] ○○○은 나야, 둘이 될 수 없어",2020-11-27,유행지남,expired,https://s3.ap-northeast-2.amazonaws.com/univ-careet/FileData/Picture/202011/80e1e40d-e0c1-47a2-b92b-121f36804bcc_770x426.png,,,,,disabled,정혁준,9,[],0,true,9,11,success,2026-07-09T17:45:03+09:00
careet,1,요즘 뜨는 밈,243,https://www.careet.net/243,[이게 왜 유행이야?] ‘도우너 어서오고’ 요즘 애들이 쓰는 둘리 밈의 유래,2020-11-13,,unknown,https://s3.ap-northeast-2.amazonaws.com/univ-careet/FileData/Picture/202011/062a2dc0-27bb-4d5a-a696-ef94e8581385_770x426.png,,,,,disabled,이시은,11,[],0,true,9,12,success,2026-07-09T17:45:04+09:00
careet,1,요즘 뜨는 밈,232,https://www.careet.net/232,[당장 써먹는 짤줍] 신조어 또 나옴! 요즘 애들은 주접 떨 때 이 단어 쓴다,2020-10-30,유행지남,expired,https://s3.ap-northeast-2.amazonaws.com/univ-careet/FileData/Picture/202010/3f378de8-31ad-4a77-b440-e8cd1ba21af9_770x426.png,,,,,disabled,김슬,12,[],0,true,10,1,success,2026-07-09T17:45:06+09:00
careet,1,요즘 뜨는 밈,207,https://www.careet.net/207,[당장 써먹는 짤줍] 케첩 고백,2020-09-18,,unknown,https://s3.ap-northeast-2.amazonaws.com/univ-careet/FileData/Picture/202009/32947ddf-5613-4578-b4d2-80049ed82bfc_770x426.png,,,,,disabled,김희연,8,[],0,true,10,2,success,2026-07-09T17:45:08+09:00
careet,1,요즘 뜨는 밈,198,https://www.careet.net/198,[당장 써먹는 짤줍] 뒤돌아서면 피식하는 영번역밈,2020-09-04,유행지남,expired,https://s3.ap-northeast-2.amazonaws.com/univ-careet/FileData/Picture/202009/f02cd0df-140b-47ee-a41b-046deff11d47_770x426.png,,,,,disabled,김혜원,10,[],0,true,10,3,success,2026-07-09T17:45:09+09:00
careet,1,요즘 뜨는 밈,187,https://www.careet.net/187,[당장 써먹는 짤줍] 너 임포스터지?,2020-08-21,유행지남,expired,https://s3.ap-northeast-2.amazonaws.com/univ-careet/FileData/Picture/202008/ed8e4fe2-617c-4c9e-bb57-5d8425aecd93_770x426.png,,,,,disabled,정혁준,9,[],0,true,10,4,success,2026-07-09T17:45:11+09:00
careet,1,요즘 뜨는 밈,168,https://www.careet.net/168,[당장 써먹는 짤줍] 나 2000원 비싸짐,2020-07-24,유행지남,expired,https://s3.ap-northeast-2.amazonaws.com/univ-careet/FileData/Picture/202007/040a0bf9-24df-4098-b8ba-b24d5db3f881_770x426.png,,,,,disabled,김슬,12,[],0,true,10,5,success,2026-07-09T17:45:12+09:00
careet,1,요즘 뜨는 밈,156,https://www.careet.net/156,[당장 써먹는 짤줍] 나태 지옥에서 살아남기,2020-07-08,유행지남,expired,https://s3.ap-northeast-2.amazonaws.com/univ-careet/FileData/Picture/202007/3c7134c8-b236-437c-8797-baf0731e52f6_770x426.png,,,,,disabled,서재경,7,[],0,true,10,6,success,2026-07-09T17:45:14+09:00
careet,1,요즘 뜨는 밈,149,https://www.careet.net/149,[당장 써먹는 짤줍] OO 취향표,2020-07-01,유행지남,expired,https://s3.ap-northeast-2.amazonaws.com/univ-careet/FileData/Picture/202006/7abb58b6-8383-4065-bc0a-7a02b01858b5_770x426.png,,,,,disabled,김희연,8,[],0,true,10,7,success,2026-07-09T17:45:16+09:00
careet,1,요즘 뜨는 밈,141,https://www.careet.net/141,[당장 써먹는 짤줍] 네모의 꿈,2020-06-24,유행지남,expired,https://s3.ap-northeast-2.amazonaws.com/univ-careet/FileData/Picture/202006/c31d3992-0f99-4b98-abd8-8ee3d77ff28d_770x426.png,,,,,disabled,김혜원,10,[],0,true,10,8,success,2026-07-09T17:45:17+09:00
careet,1,요즘 뜨는 밈,132,https://www.careet.net/132,[당장 써먹는 짤줍] 나루토에게 묻고 답하기,2020-06-17,유행지남,expired,https://s3.ap-northeast-2.amazonaws.com/univ-careet/FileData/Picture/202006/ae2f3bfa-2daf-446d-bc5f-d40c1a0b5893_770x426.png,,,,,disabled,정혁준,9,[],0,true,10,9,success,2026-07-09T17:45:19+09:00
careet,1,요즘 뜨는 밈,126,https://www.careet.net/126,[당장 써먹는 짤줍] 이거 알면 최소 90년대생,2020-06-10,유행지남,expired,https://s3.ap-northeast-2.amazonaws.com/univ-careet/FileData/Picture/202006/38079978-9093-49d9-82e8-be138763ce97_770x426.png,,,,,disabled,이시은,11,[],0,true,10,10,success,2026-07-09T17:45:21+09:00
careet,1,요즘 뜨는 밈,118,https://www.careet.net/118,너무 좋아서 벽 부숨(feat. 하트),2020-06-03,유행지남,expired,https://s3.ap-northeast-2.amazonaws.com/univ-careet/FileData/Picture/202006/6dad567f-a0b7-43ee-a3da-3761df44b295_770x426.png,,,,,disabled,김슬,12,[],0,true,10,11,success,2026-07-09T17:45:22+09:00
careet,1,요즘 뜨는 밈,108,https://www.careet.net/108,[당장 써먹는 짤줍] 화려한 조명이 나를 감싸네 (feat. 비),2020-05-25,유행지남,expired,https://s3.ap-northeast-2.amazonaws.com/univ-careet/FileData/Picture/202005/6c69bb92-5144-4c06-aa4b-ac5c02acca61_770x426.png,,,,,disabled,서재경,7,[],0,true,10,12,success,2026-07-09T17:45:24+09:00
careet,1,요즘 뜨는 밈,103,https://www.careet.net/103,[당장 써먹는 짤줍] 지들끼리 대화하는 노래방 책,2020-05-18,유행지남,expired,https://s3.ap-northeast-2.amazonaws.com/univ-careet/FileData/Picture/202005/23ae38c2-0a5a-44d0-a85c-9601a9d8d692_770x426.png,,,,,disabled,김혜원,10,[],0,true,11,1,success,2026-07-09T17:45:25+09:00
careet,1,요즘 뜨는 밈,96,https://www.careet.net/96,"[당장 써먹는 짤줍] SNS 휩쓸고 있는 우주밈스타, ‘관짝소년단’",2020-05-11,유행지남,expired,https://s3.ap-northeast-2.amazonaws.com/univ-careet/FileData/Picture/202005/3e46622a-f3a3-427a-bbe9-4bf639d92cb6_770x426.png,,,,,disabled,정혁준,9,[],0,true,11,2,success,2026-07-09T17:45:27+09:00
careet,1,요즘 뜨는 밈,88,https://www.careet.net/88,[당장 써먹는 짤줍] 삼각형에 대한 광기는 더욱 커져만 갔다,2020-05-04,유행지남,expired,https://s3.ap-northeast-2.amazonaws.com/univ-careet/FileData/Picture/202004/d83b9a94-a9d8-4b4d-b0f0-739ffb9cf5e1_770x426.png,,,,,disabled,김슬,12,[],0,true,11,3,success,2026-07-09T17:45:29+09:00
careet,1,요즘 뜨는 밈,86,https://www.careet.net/86,[당장 써먹는 짤줍] 창의적인 한자 활용 밈,2020-04-30,유행지남,expired,https://s3.ap-northeast-2.amazonaws.com/univ-careet/FileData/Picture/202004/294fd82f-136d-4515-8851-a9a6f54e87dd_770x426.png,,,,,disabled,김혜원,10,[],0,true,11,4,success,2026-07-09T17:45:30+09:00
careet,1,요즘 뜨는 밈,81,https://www.careet.net/81,[당장 써먹는 짤줍] OO을 작풍으로 그려보았다,2020-04-27,유행지남,expired,https://s3.ap-northeast-2.amazonaws.com/univ-careet/FileData/Picture/202004/cbe357b6-f9fe-4d91-b8a0-0af12985d8da_770x426.png,,,,,disabled,서재경,7,[],0,true,11,5,success,2026-07-09T17:45:32+09:00
careet,1,요즘 뜨는 밈,79,https://www.careet.net/79,[당장 써먹는 짤줍] 대한민국 3대 마요,2020-04-24,유행지남,expired,https://s3.ap-northeast-2.amazonaws.com/univ-careet/FileData/Picture/202004/3cfce5d4-3d66-490c-9193-184f961e9d1b_770x426.png,,,,,disabled,김희연,8,[],0,true,11,6,success,2026-07-09T17:45:33+09:00
careet,1,요즘 뜨는 밈,72,https://www.careet.net/72,[당장 써먹는 짤줍] 텍스트 대치로 말해요,2020-04-20,,unknown,https://s3.ap-northeast-2.amazonaws.com/univ-careet/FileData/Picture/202004/1dc81d3f-86de-4118-bf2d-3c2f90326d88_770x426.png,,,,,disabled,이시은,11,[],0,true,11,7,success,2026-07-09T17:45:35+09:00
careet,1,요즘 뜨는 밈,66,https://www.careet.net/66,[당장 써먹는 짤줍] 참여하기 쉽고 소문나긴 더 쉬운 #요즘빙고,2020-04-13,유행지남,expired,https://s3.ap-northeast-2.amazonaws.com/univ-careet/FileData/Picture/202004/401258b0-94ba-415c-8eb1-d1bea79a8a14_770x426.png,,,,,disabled,정혁준,9,[],0,true,11,8,success,2026-07-09T17:45:37+09:00
careet,1,요즘 뜨는 밈,59,https://www.careet.net/59,[당장 써먹는 짤줍] 의외의 OO,2020-04-10,유행지남,expired,https://s3.ap-northeast-2.amazonaws.com/univ-careet/FileData/Picture/202004/5e14cb2e-e551-47f9-b2d9-ea3f288a467b_770x426.png,,,,,disabled,이시은,11,[],0,true,11,9,success,2026-07-09T17:45:38+09:00
careet,1,요즘 뜨는 밈,53,https://www.careet.net/53,[당장 써먹는 짤줍] 뫼비우스의 계단,2020-04-06,,unknown,https://s3.ap-northeast-2.amazonaws.com/univ-careet/FileData/Picture/202004/3f0c65c2-3233-43e4-b9d2-d348716330cd_770x426.png,,,,,disabled,김슬,12,[],0,true,11,10,success,2026-07-09T17:45:40+09:00
careet,1,요즘 뜨는 밈,14,https://www.careet.net/14,[당장 써먹는 짤줍] 모든 건 MBTI로 귀결,2020-04-01,유행지남,expired,https://s3.ap-northeast-2.amazonaws.com/univ-careet/FileData/Picture/202003/8e3129e8-c758-495f-8bb2-ef1baadedfc3_770x426.png,,,,,disabled,정혁준,9,[],0,true,11,11,success,2026-07-09T17:45:41+09:00
careet,1,요즘 뜨는 밈,33,https://www.careet.net/33,[당장 써먹는 짤줍] 영어를 생활화 하는 소개팅 상대,2020-03-26,유행지남,expired,https://s3.ap-northeast-2.amazonaws.com/univ-careet/FileData/Picture/202003/817a0c09-60bd-4052-9b37-a5e4d97d047d_770x426.png,,,,,disabled,김혜원,10,[],0,true,11,12,success,2026-07-09T17:45:43+09:00
careet,1,요즘 뜨는 밈,12,https://www.careet.net/12,[당장 써먹는 짤줍] 우리 모델 예쁜 것 좀 봐주세요,2020-03-26,유행지남,expired,https://s3.ap-northeast-2.amazonaws.com/univ-careet/FileData/Picture/202003/9b05d524-31b2-4cb1-b77a-436478720b0a_770x426.png,,,,,disabled,김희연,8,[],0,true,12,1,success,2026-07-09T17:45:45+09:00
careet,1,요즘 뜨는 밈,36,https://www.careet.net/36,[당장 써먹는 짤줍] 이름 궁합점,2020-03-26,유행지남,expired,https://s3.ap-northeast-2.amazonaws.com/univ-careet/FileData/Picture/202003/6d943966-6445-43eb-93ba-5c5483719eec_770x426.png,,,,,disabled,서재경,7,[],0,true,12,2,success,2026-07-09T17:45:46+09:00
careet,1,요즘 뜨는 밈,3,https://www.careet.net/3,[당장 써먹는 짤줍] OO하면 근 손실 오나요?.jpg,2020-03-25,,unknown,https://s3.ap-northeast-2.amazonaws.com/univ-careet/FileData/Picture/202003/940b516c-cc04-4c20-b3de-982d039b2cec_770x426.png,,,,,disabled,김슬,12,[],0,true,12,3,success,2026-07-09T17:45:48+09:00
careet,1,요즘 뜨는 밈,1,https://www.careet.net/1,[당장 써먹는 짤줍] 한 개 남은 프링글스 시점.gif,2020-03-23,유행지남,expired,https://s3.ap-northeast-2.amazonaws.com/univ-careet/FileData/Picture/202003/ad7de52f-751e-4d26-bc76-f5c083125255_770x426.png,,,,,disabled,이시은,11,[],0,true,12,4,success,2026-07-09T17:45:49+09:00
