source,category_name,article_id,url,title,published_date,tags,thumbnail_url,is_meme_related,meme_signal_terms,heading_count,detail_fetch_status,list_page,list_position,content_hash,parser_version,collected_at
gogumafarm,최신 밈과 트렌드,%eb%94%94%ec%98%a4-%ec%a3%bc%ea%b0%84-%eb%8b%88%ea%b0%80-%ec%a2%8b%ec%95%84-%ec%,https://gogumafarm.kr/%eb%94%94%ec%98%a4-%ec%a3%bc%ea%b0%84-%eb%8b%88%ea%b0%80-%ec%a2%8b%ec%95%84-%ec%a7%80%ea%b8%88-%eb%8b%b9%ec%9e%a5-%ec%8d%a8%ec%95%bc%ed%95%98%eb%8a%94-%ec%b5%9c%ec%8b%a0-%ec%9c%a0%ed%96%89-%eb%b0%88/,디오 주간? 니가 좋아~ 지금 당장 써야하는 최신 유행 밈 모음,2026-06-23,SNS|밈|바이럴,https://gogumafarm.kr/wp-content/uploads/2026/06/260623.png,true,SNS|밈|바이럴|유행,5,success,1,1,ec94c0a7d716228f918c55cc6de052880c21b2cc196db76b1d5f4ca940387d8c,2026-07-09.api_terms.1,2026-07-09T15:19:51+09:00
gogumafarm,최신 밈과 트렌드,%eb%82%98-%ea%b3%a0%ea%b5%ac%eb%a7%88%ed%8c%9c%ec%9d%b8%eb%8d%b0-%ec%9a%94%ec%a6,https://gogumafarm.kr/%eb%82%98-%ea%b3%a0%ea%b5%ac%eb%a7%88%ed%8c%9c%ec%9d%b8%eb%8d%b0-%ec%9a%94%ec%a6%98-%eb%9c%a8%eb%8a%94-%eb%b0%88-%ea%b0%80%ec%a0%b8%ec%99%94%eb%8b%a4-2026%eb%85%84-6%ec%9b%94-%ec%b5%9c%ec%8b%a0/,나 고구마팜인데 요즘 뜨는 밈 가져왔다 [2026년 6월 최신 밈 모음],2026-06-10,SNS|밈|바이럴,https://gogumafarm.kr/wp-content/uploads/2026/06/260611.png,true,SNS|밈|바이럴,20,success,1,2,0e94684d438c12c5f88033cf64ecd4fa08c75ab38fd0f83dcee991a0ebd82e4f,2026-07-09.api_terms.1,2026-07-09T15:19:51+09:00
gogumafarm,최신 밈과 트렌드,%ec%9a%94%ec%a6%98-%ec%9c%a0%ed%96%89%ed%95%98%eb%8a%94-%eb%b0%88-%eb%aa%a8%ec%9,https://gogumafarm.kr/%ec%9a%94%ec%a6%98-%ec%9c%a0%ed%96%89%ed%95%98%eb%8a%94-%eb%b0%88-%eb%aa%a8%ec%9d%8c-green-green-2026%eb%85%84-5%ec%9b%94-%ec%b5%9c%ec%8b%a0-%eb%b0%88-%eb%aa%a8%ec%9d%8c/,요즘 유행하는 밈 모음 Green Green [2026년 5월 최신 밈 모음],2026-05-18,SNS|밈|바이럴,https://gogumafarm.kr/wp-content/uploads/2026/05/고구마팜5월-밈-모음_260518_02-3.png,true,SNS|밈|바이럴|유행,7,success,1,3,7de80825ec6b33dfaaba88c527248ed65f3c21973a7d274a759daaf177554bf7,2026-07-09.api_terms.1,2026-07-09T15:19:51+09:00
gogumafarm,최신 밈과 트렌드,%ec%9a%94%ec%a6%98-%ec%9c%a0%ed%96%89%ed%95%98%eb%8a%94-%eb%b0%88-%ec%95%8c-%ec%,https://gogumafarm.kr/%ec%9a%94%ec%a6%98-%ec%9c%a0%ed%96%89%ed%95%98%eb%8a%94-%eb%b0%88-%ec%95%8c-%ec%88%98-%ec%9e%88%eb%8f%84%eb%a1%9d-%ea%b8%b0%eb%8f%84%ed%95%b4-%eb%93%9c%eb%a6%b4%ea%b2%8c%ec%9a%94-2026%eb%85%84-3/,요즘 유행하는 밈 알 수 있도록 기도해 드릴게요 [2026년 3월 최신 밈 모음],2026-03-30,SNS|밈|바이럴,https://gogumafarm.kr/wp-content/uploads/2026/03/260330.png,true,SNS|밈|바이럴|유행,7,success,1,4,f901a35a6691c7373d67283f740d619ac230cc0a4791799e503be48c9884fc0c,2026-07-09.api_terms.1,2026-07-09T15:19:51+09:00
gogumafarm,최신 밈과 트렌드,%ec%9c%a4%ec%a0%95%ec%95%84-%ec%9c%a4%ec%a0%95%ec%95%84-%ec%9a%94%ec%a6%98-%eb%9,https://gogumafarm.kr/%ec%9c%a4%ec%a0%95%ec%95%84-%ec%9c%a4%ec%a0%95%ec%95%84-%ec%9a%94%ec%a6%98-%eb%9c%a8%eb%8a%94-%eb%b0%88-%ec%95%8c%eb%a0%a4-%eb%8b%ac%eb%9e%ac%ec%a7%80-2026%eb%85%84-1%ec%9b%94-%ec%b5%9c%ec%8b%a0/,윤정아 윤정아 요즘 뜨는 밈 알려 달랬지 [2026년 1월 최신 밈 모음],2026-01-26,SNS|밈|바이럴,https://gogumafarm.kr/wp-content/uploads/2026/01/260126.png,true,SNS|밈|바이럴,7,success,1,5,b603183e08eb5bcd6a57d93d8ca4af33d583f29af3854013ae7433c68e123169,2026-07-09.api_terms.1,2026-07-09T15:19:51+09:00
gogumafarm,최신 밈과 트렌드,2025%eb%85%84%ec%97%94-%ec%95%84%ec%a3%bc-%eb%a7%8e%ec%9d%80-%eb%b0%88%ec%9d%b4-,https://gogumafarm.kr/2025%eb%85%84%ec%97%94-%ec%95%84%ec%a3%bc-%eb%a7%8e%ec%9d%80-%eb%b0%88%ec%9d%b4-%ec%9e%87%ec%97%87%ec%8a%a8-%ec%98%ac%ed%95%b4%eb%a5%bc-%eb%92%a4%ed%9d%94%eb%93%a0-%eb%b0%88-%ec%b4%9d/,2025년엔 아주 많은 밈이 잇엇슨… 올해를 뒤흔든 밈 총결산!,2025-12-17,SNS|밈|바이럴,https://gogumafarm.kr/wp-content/uploads/2025/12/고구마팜2025-밈-어워즈_251217_01.jpg,true,SNS|밈|바이럴,6,success,1,6,1b3d5e4036a8881f0773e1d2d44f16c1d891eaa7c893de3da47a61adba53b0a1,2026-07-09.api_terms.1,2026-07-09T15:19:51+09:00
gogumafarm,최신 밈과 트렌드,%ec%9a%94%ec%a6%98-%ec%9c%a0%ed%96%89%ed%95%98%eb%8a%94-%eb%b0%88%ec%9d%b4-%ea%b,https://gogumafarm.kr/%ec%9a%94%ec%a6%98-%ec%9c%a0%ed%96%89%ed%95%98%eb%8a%94-%eb%b0%88%ec%9d%b4-%ea%b0%80%eb%93%9d%ea%b0%80%eb%93%9d%ed%95%98%eb%8b%a4-uh-%ea%b0%80%eb%93%9d%ea%b0%80%eb%93%9d%ed%95%9c-2025%eb%85%84-11/,요즘 유행하는 밈이 가득가득하다 uh 가득가득한 [2025년 11월 최신 밈 모음],2025-12-01,SNS|밈|바이럴,https://gogumafarm.kr/wp-content/uploads/2025/12/고구마팜최신밈_251201.jpg,true,SNS|밈|바이럴|유행,20,success,1,7,26b4fa069d3230649bfa8bcb916f2b34ba8d647f6923f37b225b1d8ebbe991cf,2026-07-09.api_terms.1,2026-07-09T15:19:51+09:00
gogumafarm,최신 밈과 트렌드,ai-%ec%82%bf%ed%8f%ac%eb%a1%9c%ec%83%b7%eb%b6%80%ed%84%b0-%ea%b3%a0%eb%ac%b4%ec%,https://gogumafarm.kr/ai-%ec%82%bf%ed%8f%ac%eb%a1%9c%ec%83%b7%eb%b6%80%ed%84%b0-%ea%b3%a0%eb%ac%b4%ec%a7%9c%ea%b8%b0%ea%b9%8c%ec%a7%80-%ec%a7%80%ea%b8%88-%ec%95%88-%eb%b3%b4%eb%a9%b4-%eb%8a%a6%eb%8a%94-2025%eb%85%84-10/,"AI 삿포로샷부터 고무짜기까지, 지금 안 보면 늦는 [2025년 10월 최신 밈&콘텐츠 모음]",2025-11-04,Z세대|밈|바이럴,https://gogumafarm.kr/wp-content/uploads/2025/11/Frame-3-1.png,true,밈|바이럴,6,success,1,8,405ee3bd8d1f46a050370a97469de5728abd5bfa78f51c3cd836b395c3081388,2026-07-09.api_terms.1,2026-07-09T15:19:51+09:00
gogumafarm,최신 밈과 트렌드,%ea%b7%80%ed%95%98%ea%b2%8c-%ec%9e%90%eb%9e%80-%eb%82%b4%ea%b0%80-%ec%9c%a0%ed%9,https://gogumafarm.kr/%ea%b7%80%ed%95%98%ea%b2%8c-%ec%9e%90%eb%9e%80-%eb%82%b4%ea%b0%80-%ec%9c%a0%ed%96%89%ed%95%98%eb%8a%94-%eb%b0%88%ec%9d%80-%ec%95%8c%ec%95%84%ec%95%bc-%ed%95%98%ec%a7%80-%ec%95%8a%ec%9d%84%ea%b9%8c-202/,귀하게 자란 내가 유행하는 밈은 알아야 하지 않을까? [2025년 9월 최신 밈 모음],2025-10-01,SNS|밈,https://gogumafarm.kr/wp-content/uploads/2025/09/고구마팜썸네일-0930.png,true,SNS|밈|유행,5,success,1,9,cd0c5d6c59bf4e7cc0e949610b08285aedb95735b822ccd39fd9de039d5d216c,2026-07-09.api_terms.1,2026-07-09T15:19:51+09:00
gogumafarm,최신 밈과 트렌드,%ea%b0%88%ed%85%8c%ec%95%bc-%ea%b0%88%ed%85%8c%ec%95%bc-%ec%9a%94%ec%a6%98-%eb%9,https://gogumafarm.kr/%ea%b0%88%ed%85%8c%ec%95%bc-%ea%b0%88%ed%85%8c%ec%95%bc-%ec%9a%94%ec%a6%98-%eb%9c%a8%eb%8a%94-%eb%b0%88-%eb%b3%b4%eb%9f%ac-%ea%b0%88%ed%85%8c%ec%95%bc-2025%eb%85%84-8%ec%9b%94-%ec%b5%9c%ec%8b%a0/,갈테야 갈테야 요즘 뜨는 밈 보러 갈테야 [2025년 8월 최신 밈 모음],2025-09-05,SNS|밈,https://gogumafarm.kr/wp-content/uploads/2025/09/고구마팜-말랭이썸네일_250905-scaled.jpg,true,SNS|밈,6,success,1,10,58ee2efa33770d36642a066719392887e452e3d19310ccd98d711021b27b000a,2026-07-09.api_terms.1,2026-07-09T15:19:51+09:00
gogumafarm,최신 밈과 트렌드,%ec%bd%9c%eb%93%9c%ed%94%8c%eb%a0%88%ec%9d%b4%ea%b0%80-%eb%a7%8c%eb%93%a0-%ec%98,https://gogumafarm.kr/%ec%bd%9c%eb%93%9c%ed%94%8c%eb%a0%88%ec%9d%b4%ea%b0%80-%eb%a7%8c%eb%93%a0-%ec%98%ac%ed%95%b4-%ea%b0%80%ec%9e%a5-%ed%95%ab%ed%95%9c-%eb%b0%88-%eb%b8%8c%eb%9e%9c%eb%93%9c%eb%8f%84-%eb%9b%b0%ec%96%b4/,콜드플레이가 만든 올해 가장 핫한 밈? 브랜드도 뛰어든 해외 밈·챌린지!,2025-07-28,밈|챌린지|해외,https://gogumafarm.kr/wp-content/uploads/2025/07/고구마팜-말랭이썸네일_250728.png,true,밈|챌린지,3,success,1,11,67f96be70e1e561d87b0c58e4eaf05f4579c43ce0495f96c1febe62518cdcc51,2026-07-09.api_terms.1,2026-07-09T15:19:51+09:00
gogumafarm,최신 밈과 트렌드,%ec%9d%b4%ea%b1%b4-%ec%b2%ab-%eb%b2%88%ec%a7%b8-%eb%a0%88%ec%8a%a8-%ec%9a%94%ec%,https://gogumafarm.kr/%ec%9d%b4%ea%b1%b4-%ec%b2%ab-%eb%b2%88%ec%a7%b8-%eb%a0%88%ec%8a%a8-%ec%9a%94%ec%a6%98-%ec%9c%a0%ed%96%89%ed%95%98%eb%8a%94-%eb%b0%88%ec%9d%80-%ec%95%8c%ea%b3%a0-%ea%b0%80%ea%b8%b0-2025%eb%85%84-7/,이건 첫 번째 레슨~ 요즘 유행하는 밈은 알고 가기! [2025년 7월 최신 밈 모음],2025-07-17,SNS|밈|바이럴,https://gogumafarm.kr/wp-content/uploads/2025/07/고구마팜-7월-최신-밈_250717.jpg,true,SNS|밈|바이럴|유행,1,success,1,12,1a1c939e4e9f66ae4be245669ea2499c683623e8ab3e23f4f51f5442c4c9b3f7,2026-07-09.api_terms.1,2026-07-09T15:19:51+09:00
gogumafarm,최신 밈과 트렌드,%ec%9d%b8%ea%b8%b0-%eb%b0%88-%ec%95%8c%eb%a9%b4-%ed%95%98%eb%a3%b0%eb%9d%bc%eb%9,https://gogumafarm.kr/%ec%9d%b8%ea%b8%b0-%eb%b0%88-%ec%95%8c%eb%a9%b4-%ed%95%98%eb%a3%b0%eb%9d%bc%eb%9d%bc-%eb%82%a0%ec%95%84%ec%84%9c-%ea%b6%81%ec%a0%84%ec%9c%bc%eb%a1%9c-%ea%b0%88-%ec%88%98%eb%8f%84-%ec%9e%88%ec%96%b4/,인기 밈 알면 하룰라라 날아서 궁전으로 갈 수도 있어~ [2025년 6월 최신 밈 모음],2025-07-01,SNS|밈|바이럴,https://gogumafarm.kr/wp-content/uploads/2025/07/고구마팜-6월-밈_250701.jpg,true,SNS|밈|바이럴,0,success,1,13,66f774c59e5fbde39b7deac8d76eb4a4b2cc52c4ceed2421b3806e8160358a2a,2026-07-09.api_terms.1,2026-07-09T15:19:51+09:00
gogumafarm,최신 밈과 트렌드,%eb%b6%88%eb%af%b8%ec%8a%a4%eb%9f%ac%ec%9a%b4-%ec%9d%bc%ec%9d%b4-%ec%9d%bc%ec%96,https://gogumafarm.kr/%eb%b6%88%eb%af%b8%ec%8a%a4%eb%9f%ac%ec%9a%b4-%ec%9d%bc%ec%9d%b4-%ec%9d%bc%ec%96%b4%eb%82%ac%ec%96%b4%ec%9a%94-%ec%9d%b8%ea%b8%b0-%eb%b0%88%ec%9d%b4-%eb%84%88%eb%ac%b4-%eb%a7%8e%ec%95%84%ec%9a%94/,불미스러운 일이 일어났어요… 인기 밈이 너무 많아요 [2025년 5월 최신 밈 모음],2025-05-28,SNS|밈|바이럴,https://gogumafarm.kr/wp-content/uploads/2025/05/고구마팜썸네일-0528.png,true,SNS|밈|바이럴,0,success,1,14,0d61532d2383c6a823b56ec048c826825707be35dc71db89ebe69a29c6a75b82,2026-07-09.api_terms.1,2026-07-09T15:19:51+09:00
gogumafarm,최신 밈과 트렌드,%ec%9d%bc%eb%b3%b8-%ed%8b%b1%ed%86%a1-1%ec%9c%84-%ec%b0%8d%ec%9d%80-%eb%82%98%eb,https://gogumafarm.kr/%ec%9d%bc%eb%b3%b8-%ed%8b%b1%ed%86%a1-1%ec%9c%84-%ec%b0%8d%ec%9d%80-%eb%82%98%eb%8b%88%ea%b0%80%ec%8a%a4%ed%82%a4%eb%b6%80%ed%84%b0-%ec%83%88%eb%a1%9c%ec%9a%b4-%eb%a7%88%ec%9d%b8%ed%81%ac%eb%9e%98/,일본 틱톡 1위 찍은 ‘나니가스키’부터 새로운 마인크래프트 밈까지! [2025년 4월 최신 밈 모음],2025-04-30,SNS|밈|바이럴,https://gogumafarm.kr/wp-content/uploads/2025/04/고구마팜썸네일-0430-1.png,true,SNS|밈|바이럴|틱톡,0,success,1,15,23bb907f8317838a918a38e8ce392dd73d597f4b55930571810e11be844a946d,2026-07-09.api_terms.1,2026-07-09T15:19:51+09:00
gogumafarm,최신 밈과 트렌드,%ed%8a%b8%eb%a0%8c%eb%93%9c%ea%b0%80-%eb%b0%94%eb%80%8c%ec%96%b4%eb%8f%84-%ec%82,https://gogumafarm.kr/%ed%8a%b8%eb%a0%8c%eb%93%9c%ea%b0%80-%eb%b0%94%eb%80%8c%ec%96%b4%eb%8f%84-%ec%82%b4%ec%95%84%eb%82%a8%ec%9d%80-%ea%b3%a0%ec%a0%84-%ec%9d%b8%ea%b8%b0-%eb%b0%88-%ec%b4%9d%ec%a0%95%eb%a6%ac-%ec%9d%b4/,트렌드가 바뀌어도 살아남은 고전 인기 밈 총정리! 이건 알고 마케팅하자,2025-04-02,SNS|밈|바이럴,https://gogumafarm.kr/wp-content/uploads/2025/04/고구마팜스테디밈_250402_04.jpg,true,SNS|밈|바이럴|트렌드,0,success,1,16,d4fc883338c3c01dfc4bafe0efd03a3db747ed0e943cb3ab989be1ecad2b422c,2026-07-09.api_terms.1,2026-07-09T15:19:51+09:00
gogumafarm,최신 밈과 트렌드,%ea%b3%b5%ec%a3%bc%ec%9d%98-%ea%b7%9c%ec%b9%99-%ec%84%b9%ec%8b%9c-%ed%91%b8%eb%9,https://gogumafarm.kr/%ea%b3%b5%ec%a3%bc%ec%9d%98-%ea%b7%9c%ec%b9%99-%ec%84%b9%ec%8b%9c-%ed%91%b8%eb%93%9c-%ed%97%88%ea%b1%b0%eb%8d%a9%ea%b1%b0%eb%8d%a9%ec%8a%a4%ed%95%9c-%ec%8b%a0%ec%83%81-%eb%b0%88-%eb%aa%a8%ec%95%84/,공주의 규칙? 섹시 푸드? 허거덩거덩스한 신상 밈 모아왔어요 [2025년 3월 최신 밈 모음],2025-04-01,SNS|밈|바이럴,https://gogumafarm.kr/wp-content/uploads/2025/04/고구마팜썸네일-0401-2.jpg,true,SNS|밈|바이럴,0,success,1,17,ad0ad4e1fb1ff03bc1f9265348bb89ea95523646af10eb7d67ab0df395041433,2026-07-09.api_terms.1,2026-07-09T15:19:51+09:00
gogumafarm,최신 밈과 트렌드,x%ed%8a%b8%ec%9c%84%ed%84%b0%ec%97%90%ec%84%9c-%eb%82%9c%eb%a6%ac-%eb%82%9c-%eb%,https://gogumafarm.kr/x%ed%8a%b8%ec%9c%84%ed%84%b0%ec%97%90%ec%84%9c-%eb%82%9c%eb%a6%ac-%eb%82%9c-%eb%b0%88-%eb%82%89%ec%97%ac%ec%98%a4%ea%b1%b0%eb%9d%bc-%ec%b5%9c%ec%8b%a0-%eb%b0%88%eb%b6%80%ed%84%b0-%ed%8a%b8%eb%a0%8c/,X(트위터)에서 난리 난 밈 낉여오거라! 최신 밈부터 트렌드까지! [2025년 2월],2025-03-10,X(트위터)|Z세대|밈|트렌드,https://gogumafarm.kr/wp-content/uploads/2025/03/image-49.png,true,X(트위터)|밈|트렌드,8,success,1,18,c1263836253a7939a84a82d0210552261fc795e93d41818f01c73d856ab3238b,2026-07-09.api_terms.1,2026-07-09T15:19:51+09:00
gogumafarm,최신 밈과 트렌드,%eb%b0%88-%eb%aa%b0%eb%9d%bc%eb%8f%84-%ec%95%88-%ea%b4%9c%ec%b0%ae%ec%95%84-%eb%,https://gogumafarm.kr/%eb%b0%88-%eb%aa%b0%eb%9d%bc%eb%8f%84-%ec%95%88-%ea%b4%9c%ec%b0%ae%ec%95%84-%eb%94%a9%eb%94%a9%eb%94%a9%eb%94%a9%eb%94%a9-2025%eb%85%84-1%ec%9b%94-%ec%b5%9c%ec%8b%a0-%eb%b0%88-%eb%aa%a8%ec%9d%8c/,밈 몰라도 (안) 괜찮아 딩딩딩딩딩~ [2025년 1월 최신 밈 모음],2025-02-04,SNS|밈|바이럴,https://gogumafarm.kr/wp-content/uploads/2025/02/고구마팜썸네일_0204-1.jpg,true,SNS|밈|바이럴,0,success,1,19,b63e43f71fab996f905edf4fb456c1265533c4ab9ad7d943ef2b9af0029a80e7,2026-07-09.api_terms.1,2026-07-09T15:19:51+09:00
gogumafarm,최신 밈과 트렌드,%ec%9d%b8%ec%8a%a4%ed%83%80-%ec%95%8c%ea%b3%a0%eb%a6%ac%ec%a6%98%ec%9d%84-%ec%a0,https://gogumafarm.kr/%ec%9d%b8%ec%8a%a4%ed%83%80-%ec%95%8c%ea%b3%a0%eb%a6%ac%ec%a6%98%ec%9d%84-%ec%a0%95%eb%b3%b5%ed%95%9c-%ea%b0%95%ec%95%84%ec%a7%80-%ec%ba%90%eb%a6%ad%ed%84%b0%ec%9d%98-%ec%a0%95%ec%b2%b4-%ec%b9%a0/,인스타 알고리즘을 정복한 강아지 캐릭터의 정체! 칠 가이(Chill Guy) 밈 완벽 정리,2025-01-24,SNS|밈|바이럴,https://gogumafarm.kr/wp-content/uploads/2025/01/고구마팜-말랭이썸네일_250123.jpg,true,SNS|밈|바이럴,5,success,1,20,88351602adc4cb1ece65bd79d055f8d28f3fa52dea55247df47281fc09284fe1,2026-07-09.api_terms.1,2026-07-09T15:19:51+09:00
gogumafarm,최신 밈과 트렌드,%ed%95%b4%ec%99%b8-%eb%b0%88%ec%9d%b8-%ec%a4%84-%ec%95%8c%ec%95%98%eb%8d%98-%ed%,https://gogumafarm.kr/%ed%95%b4%ec%99%b8-%eb%b0%88%ec%9d%b8-%ec%a4%84-%ec%95%8c%ec%95%98%eb%8d%98-%ed%80%b8-%eb%84%a4%eb%b2%84-%ed%81%ac%eb%9d%bc%ec%9d%b4%eb%b6%80%ed%84%b0-%ec%b5%9c%ec%8b%a0-%eb%8c%84%ec%8a%a4/,해외 밈인 줄 알았던 ‘퀸 네버 크라이’부터 최신 댄스 챌린지까지! 글로벌 Z세대를 사로잡은 K-숏폼 모음,2024-12-16,밈|숏폼|챌린지,https://gogumafarm.kr/wp-content/uploads/2024/12/고구마팜-말랭이썸네일_241216.jpg,true,밈|숏폼|챌린지,1,success,1,21,fd5b1d6cd77b0b115736356292a9cbfb684ed5e3ff4bf8e8e5cc68c58b39ef28,2026-07-09.api_terms.1,2026-07-09T15:19:51+09:00
gogumafarm,최신 밈과 트렌드,%eb%b0%88-%eb%b0%94%eb%9e%98-%eb%8b%a4-%ec%a4%84%ea%b2%8c-2024%eb%85%84-%eb%b0%8,https://gogumafarm.kr/%eb%b0%88-%eb%b0%94%eb%9e%98-%eb%8b%a4-%ec%a4%84%ea%b2%8c-2024%eb%85%84-%eb%b0%88-%ec%b4%9d%ea%b2%b0%ec%82%b0/,밈 바래? 다 줄게. 2024년 밈 총결산!,2024-12-11,Z세대|밈|바이럴,https://gogumafarm.kr/wp-content/uploads/2024/12/고구마팜241211_2024-MEME-AWARDS_02-1.jpg,true,밈|바이럴,13,success,1,22,71ef639af8802274aea9045ee27ac47b2061dad649a11d772adcaf82738059a7,2026-07-09.api_terms.1,2026-07-09T15:19:51+09:00
gogumafarm,최신 밈과 트렌드,%eb%84%b7%ed%94%8c%eb%a6%ad%ec%8a%a4-%ed%99%94%ec%a0%9c%ec%84%b1-1%ec%9c%84-%ed%,https://gogumafarm.kr/%eb%84%b7%ed%94%8c%eb%a6%ad%ec%8a%a4-%ed%99%94%ec%a0%9c%ec%84%b1-1%ec%9c%84-%ed%9d%91%eb%b0%b1%ec%9a%94%eb%a6%ac%ec%82%ac-%ec%b5%9c%ec%8b%a0-%eb%b0%88%eb%b6%80%ed%84%b0-fb-%ec%bd%9c/,"넷플릭스 화제성 1위 <흑백요리사>! 최신 밈부터 F&B 콜라보, 바이럴 콘텐츠까지 이븐하게 요약해 드립니다~",2024-10-23,F&B|OTT|밈|바이럴,https://gogumafarm.kr/wp-content/uploads/2024/10/고구마팜241023_흑백요리사.jpg,true,밈|바이럴,0,success,1,23,51f150c771393e1830867161864ef6521f70393cab64ceb0b5138d267c6087ff,2026-07-09.api_terms.1,2026-07-09T15:19:51+09:00
gogumafarm,최신 밈과 트렌드,%ea%b4%80%ea%b0%9d-%ec%88%98-100%eb%a7%8c%ec%9d%84-%eb%8f%8c%ed%8c%8c%ed%95%9c-%,https://gogumafarm.kr/%ea%b4%80%ea%b0%9d-%ec%88%98-100%eb%a7%8c%ec%9d%84-%eb%8f%8c%ed%8c%8c%ed%95%9c-%ed%8b%b0%eb%8b%88%ed%95%91-%ec%8b%9c%eb%a6%ac%ec%a6%88%ec%9d%98-%ec%9d%b8%ea%b8%b0-%eb%b9%84%ea%b2%b0-%ec%82%b4/,관객 수 100만을 돌파한 ‘사랑의 하츄핑’! 티니핑 시리즈의 인기 비결 살펴보기,2024-09-19,밈|애니메이션|영화마케팅|캐릭터,https://gogumafarm.kr/wp-content/uploads/2024/09/고구마팜-말랭이썸네일_240919.jpg,true,밈,0,success,1,24,b1bcd48ed8e5e70d6420e0ea7000f98d6490a816c662a65a6325d6accafc6f4e,2026-07-09.api_terms.1,2026-07-09T15:19:51+09:00
gogumafarm,최신 밈과 트렌드,%ed%82%b9%ed%82%a4%eb%b6%80%ec%b8%a0-%ec%8b%9c%ec%b9%b4%ea%b3%a0%eb%a5%bc-%ec%95,https://gogumafarm.kr/%ed%82%b9%ed%82%a4%eb%b6%80%ec%b8%a0-%ec%8b%9c%ec%b9%b4%ea%b3%a0%eb%a5%bc-%ec%95%9e%ec%84%b8%ec%9b%8c-%ec%b0%be%ec%95%84%ec%98%a8-%eb%ae%a4%ec%a7%80%ec%bb%ac-%eb%b6%90-%eb%ae%a4%ec%a7%80%ec%bb%ac/,"킹키부츠, 시카고를 앞세워 찾아온 뮤지컬 붐! 뮤지컬이 뜬 이유에 대해 알고 싶다면? [쥐롤라]",2024-09-11,밈|바이럴|유튜브|트렌드,https://gogumafarm.kr/wp-content/uploads/2024/09/고구마팜-240911_주간-아티클_뮤지컬-붐-1.jpg,true,밈|바이럴|트렌드,0,success,1,25,af613097898a211d5b52c7145d606574a697b7323d9244bd38ad638103a8e0a0,2026-07-09.api_terms.1,2026-07-09T15:19:51+09:00
gogumafarm,최신 밈과 트렌드,%ec%a7%80%ea%b8%88-%ec%9c%a0%ed%96%89-%ec%a4%91%ec%9d%b8-x%ed%8a%b8%ec%9c%84%ed%,https://gogumafarm.kr/%ec%a7%80%ea%b8%88-%ec%9c%a0%ed%96%89-%ec%a4%91%ec%9d%b8-x%ed%8a%b8%ec%9c%84%ed%84%b0-%ec%b5%9c%ec%8b%a0-%ed%8a%b8%eb%a0%8c%eb%93%9c%ec%99%80-%eb%b0%88-%ec%96%bc%eb%a5%b8-%ed%99%95%ec%9d%b8%ed%95%98/,"지금 유행 중인 X(트위터) 최신 트렌드와 밈! 얼른 확인하고 활용해 보세요~ [꼬들, AI 에이전트, 초코우유 밈, 나만의 블랙스완]",2024-08-29,X(트위터)|밈|바이럴|트렌드,https://gogumafarm.kr/wp-content/uploads/2024/08/고구마팜-240830_주간-아티클_X-인기-트렌드-02-scaled.jpg,true,X(트위터)|밈|바이럴|유행|트렌드,0,success,1,26,4c332f71dd95336971f9008cc6af083f822031b6af75f879e0d55213e3e002cb,2026-07-09.api_terms.1,2026-07-09T15:19:51+09:00
gogumafarm,최신 밈과 트렌드,%ec%9b%90%ec%98%81%ec%a0%81-%ec%82%ac%ea%b3%a0%eb%a5%bc-%ec%9d%b4%ec%9d%84-sns-%,https://gogumafarm.kr/%ec%9b%90%ec%98%81%ec%a0%81-%ec%82%ac%ea%b3%a0%eb%a5%bc-%ec%9d%b4%ec%9d%84-sns-%ea%b8%8d%ec%a0%95-%eb%b0%88-%eb%aa%a8%ec%9d%8c-%ec%b5%9c%ec%8b%a0-%eb%b0%88-%ec%b7%8c%ec%97%90%ed%81%ac/,원영적 사고를 이을 SNS 긍정 밈 모음! 최신 밈 췌에크!,2024-08-06,X|밈|바이럴|유튜브|인스타그램,https://gogumafarm.kr/wp-content/uploads/2024/08/고구마팜-240806_주간-아티클_긍정-밈-01.jpg,true,SNS|밈|바이럴|인스타그램,0,success,1,27,b4541469c9bedfe44b488ffaaef0d9a649cfd0c06e3c726620506930336347f1,2026-07-09.api_terms.1,2026-07-09T15:19:51+09:00
gogumafarm,최신 밈과 트렌드,%eb%84%88-%ec%98%a4%eb%8a%98-%ec%95%84%ed%8b%b0%ed%81%b4-%eb%aa%87-%ea%b0%9c-%eb,https://gogumafarm.kr/%eb%84%88-%ec%98%a4%eb%8a%98-%ec%95%84%ed%8b%b0%ed%81%b4-%eb%aa%87-%ea%b0%9c-%eb%b3%bc-%ea%b1%b0%ec%95%bc-%eb%94%b0%eb%9d%bc%ed%95%98%ea%b8%b0-%ec%89%ac%ec%9a%b4-%ec%88%8f%ed%8f%bc-%ec%b1%8c/,"너 오늘 아티클 몇 개 볼 거야!! 따라하기 쉬운 숏폼 챌린지 모아왔어요! [SNS 최신 숏폼, 틱톡, 기아타이거즈 삐끼삐끼 챌린지]",2024-08-06,SNS|밈|숏폼|챌린지,https://gogumafarm.kr/wp-content/uploads/2024/08/고구마팜-말랭이썸네일_240806-scaled.jpg,true,SNS|밈|숏폼|챌린지|틱톡,0,success,1,28,8e5dde0398b6fd98323d564ae7ffae3ac440e5ee5d09d6a34d73380a7a1269ba,2026-07-09.api_terms.1,2026-07-09T15:19:51+09:00
gogumafarm,최신 밈과 트렌드,x%ec%97%90%ec%84%9c-%eb%9c%a8%ea%b3%a0-%ec%9e%88%eb%8a%94-%ec%b5%9c%ec%8b%a0-%eb,https://gogumafarm.kr/x%ec%97%90%ec%84%9c-%eb%9c%a8%ea%b3%a0-%ec%9e%88%eb%8a%94-%ec%b5%9c%ec%8b%a0-%eb%b0%88-%eb%b0%94%eb%a1%9c-%ed%99%9c%ec%9a%a9%ed%95%98%ea%b8%b0-%ec%a2%8b%ec%9d%80-%eb%b0%88-%ec%95%8c%eb%a0%a4%eb%93%9c/,X에서 뜨고 있는 최신 밈! 바로 활용하기 좋은 밈 알려드림,2024-07-30,SNS|X(트위터)|밈,https://gogumafarm.kr/wp-content/uploads/2024/07/고구마팜-말랭이썸네일_240730-01-1-scaled.jpg,true,SNS|X(트위터)|밈,0,success,1,29,6cb49532e7ca9e38782f3b01d9cfec152ad1e97a324a79ae35b15474b420ded5,2026-07-09.api_terms.1,2026-07-09T15:19:51+09:00
gogumafarm,최신 밈과 트렌드,%ec%95%84%ec%a7%81-%ec%9d%b8%eb%a5%98%ea%b0%80-%ec%9d%b4%ed%95%b4%ed%95%98%ea%b8,https://gogumafarm.kr/%ec%95%84%ec%a7%81-%ec%9d%b8%eb%a5%98%ea%b0%80-%ec%9d%b4%ed%95%b4%ed%95%98%ea%b8%b0-%ed%9e%98%eb%93%a0-%ec%b1%8c%eb%a6%b0%ec%a7%80-%ec%b5%9c%ec%8b%a0-%ec%88%8f%ed%8f%bc-%ec%b1%8c%eb%a6%b0%ec%a7%80/,"아직 인류가 이해하기 힘든 챌린지! 최신 숏폼 챌린지 감성 보고 가세요~ [사랑했나봐 챌린지, 티라미수케익 챌린지, 류정란, 잔망루피, NCT WISH]",2024-06-25,SNS|밈|바이럴,https://gogumafarm.kr/wp-content/uploads/2024/06/240625.png,true,SNS|밈|바이럴|숏폼|챌린지,0,success,1,30,513e320dae4e76837afa9732269d66bce8096d430feecdaf8b63ff59148bc8bf,2026-07-09.api_terms.1,2026-07-09T15:19:51+09:00
gogumafarm,최신 밈과 트렌드,%ec%97%90%ec%9d%b4%ec%94%a8-%ea%b8%b0%eb%b6%84%ec%9d%b4%eb%8b%a4-%ec%b5%9c%ec%8b,https://gogumafarm.kr/%ec%97%90%ec%9d%b4%ec%94%a8-%ea%b8%b0%eb%b6%84%ec%9d%b4%eb%8b%a4-%ec%b5%9c%ec%8b%a0%eb%b0%88-%eb%ac%b4%eb%a3%8c-%ea%b3%b5%ea%b0%9c-2024%eb%85%84-5%ec%9b%94-%ec%b5%9c%ec%8b%a0-%eb%b0%88-%eb%aa%a8/,에이씨 기분이다~!! 최신 밈 무료 공개!! (2024년 5월 최신 밈 모음),2024-05-30,X|밈|바이럴,https://gogumafarm.kr/wp-content/uploads/2024/05/고구마팜-240530_주간-아티클_최신-밈으로-가는-길_02.jpg,true,밈|바이럴,9,success,1,31,433e560a25805896332a348e9c86dc46236960441f0a82e8db479972d59c5049,2026-07-09.api_terms.1,2026-07-09T15:19:51+09:00
gogumafarm,최신 밈과 트렌드,%ed%8a%b8%eb%a0%8c%eb%93%9c-%eb%84%88%eb%ac%b4-%eb%b9%a8%eb%a6%ac-%eb%b0%94%eb%8,https://gogumafarm.kr/%ed%8a%b8%eb%a0%8c%eb%93%9c-%eb%84%88%eb%ac%b4-%eb%b9%a8%eb%a6%ac-%eb%b0%94%eb%80%8c%ec%a7%80%eb%a7%8c-%ea%b7%b8%eb%9e%98%eb%8f%84-%ec%b5%9c%ec%8b%a0-%eb%b0%88-%ec%97%85%eb%8d%b0%ec%9d%b4/,트렌드 너무 빨리 바뀌지만… 그래도 최신 밈 업데이트 킵고잉~! (2024년 4월 최신 밈 모음집),2024-04-02,X(트위터)|밈|바이럴,https://gogumafarm.kr/wp-content/uploads/2024/04/고구마팜-240402_주간-아티클_최신-밈-03-01-1.jpg,true,X(트위터)|밈|바이럴|트렌드,0,success,1,32,515a15749d3ff1ef1b9a6f5027c547aa85c54f9e31e2c51b78eda3d4673e2a41,2026-07-09.api_terms.1,2026-07-09T15:19:51+09:00
gogumafarm,최신 밈과 트렌드,%ec%9a%94%ec%a6%98-x%ed%8a%b8%ec%9c%84%ed%84%b0%ec%97%90%ec%84%9c-%eb%8b%a4%eb%9,https://gogumafarm.kr/%ec%9a%94%ec%a6%98-x%ed%8a%b8%ec%9c%84%ed%84%b0%ec%97%90%ec%84%9c-%eb%8b%a4%eb%93%a4-%eb%94%b0%eb%9d%bc-%ed%95%9c%eb%8b%a4%eb%8a%94-%ec%82%b4%eb%a6%bc%ed%95%98%eb%8a%94-%eb%8f%84%eb%a1%9c%eb%a1%9c/,요즘 X(트위터)에서 다들 따라 한다는 ‘살림하는 도로로’ 말투! 바로 사용할 수 있게 알려드림 [최신 밈],2024-04-02,X(트위터)|밈|바이럴,https://gogumafarm.kr/wp-content/uploads/2024/04/240401.png,true,X(트위터)|밈|바이럴,0,success,1,33,53d7121c86b84c5aee04636e5a6e566de898abe03e6b5a469beeeba858bfd5c1,2026-07-09.api_terms.1,2026-07-09T15:19:51+09:00
gogumafarm,최신 밈과 트렌드,%ec%9a%94%ec%a6%98-x%ed%8a%b8%ec%9c%84%ed%84%b0%ec%97%90%ec%84%a0-%eb%ad%90%ea%b,https://gogumafarm.kr/%ec%9a%94%ec%a6%98-x%ed%8a%b8%ec%9c%84%ed%84%b0%ec%97%90%ec%84%a0-%eb%ad%90%ea%b0%80-%ec%9c%a0%ed%96%89%ec%9d%b4%ec%95%bc-%ec%b9%b4%ec%b9%b4%ec%98%a4-%eb%af%b8%eb%8b%88-%ec%9d%b4%eb%aa%a8%ed%8b%b0/,"요즘 X(트위터)에선 뭐가 유행이야? [카카오 미니 이모티콘, 춘식이, 최신 밈, 발을씻자]",2024-03-21,X(트위터)|밈|바이럴,https://gogumafarm.kr/wp-content/uploads/2024/03/240321-02-1.png,true,X(트위터)|밈|바이럴|유행,0,success,1,34,6adab9e58acb9b5294336e7307120b7eba6fa8ce3c7d057373a258457d029407,2026-07-09.api_terms.1,2026-07-09T15:19:51+09:00
gogumafarm,최신 밈과 트렌드,%ec%a7%80%ea%b8%88-sns%eb%a5%bc-%ec%a0%90%eb%a0%b9%ed%95%9c-%ec%82%ac%ea%b1%b4%e,https://gogumafarm.kr/%ec%a7%80%ea%b8%88-sns%eb%a5%bc-%ec%a0%90%eb%a0%b9%ed%95%9c-%ec%82%ac%ea%b1%b4%ec%9d%b4%eb%8b%a4-%eb%b0%88-%eb%b9%a0%eb%a5%b4%ea%b2%8c-%ed%99%95%ec%9d%b8%ed%95%98%ea%b3%a0-%ec%82%ac%ec%9a%a9/,지금 SNS를 점령한 ‘사건이다’ 밈! 빠르게 확인하고 사용해 보세요! (2024년 3월 최신 밈 모음집),2024-03-18,X(트위터)|밈|바이럴|틱톡|해외,https://gogumafarm.kr/wp-content/uploads/2024/03/고구마팜-아티클썸네일_사건밈.png,true,SNS|X(트위터)|밈|바이럴|틱톡,0,success,1,35,a608f2a31c151a50737a4ce8f97fdfdbee8dc59ee208899e491ed4d460e476a4,2026-07-09.api_terms.1,2026-07-09T15:19:51+09:00
gogumafarm,최신 밈과 트렌드,%eb%b0%b0%ec%9a%b0-%ed%99%a9%ec%a0%95%eb%af%bc%ec%9d%b4-%eb%b6%80%eb%a5%b4%eb%8a,https://gogumafarm.kr/%eb%b0%b0%ec%9a%b0-%ed%99%a9%ec%a0%95%eb%af%bc%ec%9d%b4-%eb%b6%80%eb%a5%b4%eb%8a%94-%eb%8b%ac%eb%94%94%eb%8b%a8-%eb%b0%a4%ec%96%91%ea%b0%b1-%ec%95%8c%ea%b3%a0-%eb%b3%b4%eb%8b%88-%ec%9e%a5%ec%9d%b8/,"배우 황정민이 부르는 달디단 밤양갱? 알고 보니 장인 정신 느껴지는 리믹스 콘텐츠라고! [최신 밈, 인기 릴스]",2024-03-12,밈|바이럴|숏폼|유튜브,https://gogumafarm.kr/wp-content/uploads/2024/03/고구마팜아티클썸네일_비비밤양갱2.png,true,릴스|밈|바이럴|숏폼,0,success,1,36,c400c86925e3b7d89e96a22196dffd006a20ee312a49277b13eb69c7b999be1f,2026-07-09.api_terms.1,2026-07-09T15:19:51+09:00
gogumafarm,최신 밈과 트렌드,%ec%96%b4%eb%91%a0%ec%9d%98-%ec%95%84%ec%9d%b4%ec%9c%a0-%ec%96%b4%eb%91%a0%ec%9d,https://gogumafarm.kr/%ec%96%b4%eb%91%a0%ec%9d%98-%ec%95%84%ec%9d%b4%ec%9c%a0-%ec%96%b4%eb%91%a0%ec%9d%98-%eb%94%94%ed%86%a0-%ec%9a%94%ec%a6%98-%ec%8a%a4%eb%a9%80%ec%8a%a4%eb%a9%80-%ec%9c%a0%ed%96%89%ed%95%98%ea%b3%a0/,"어둠의 아이유? 어둠의 디토? 요즘 스멀스멀 유행하고 있는 최신 밈! [비비 밤양갱, SNL 임시완]",2024-03-11,X(트위터)|밈|바이럴,https://gogumafarm.kr/wp-content/uploads/2024/03/고구마팜아티클썸네일_어둠의OOO-1-1.png,true,X(트위터)|밈|바이럴|유행,0,success,1,37,c6d1daa2cef4db9ace4904fa7cbb99fa08cf8fd37dc2952b704c9396ae29ead5,2026-07-09.api_terms.1,2026-07-09T15:19:51+09:00
gogumafarm,최신 밈과 트렌드,%ec%a7%80%ea%b8%88-%ea%b0%80%ec%9e%a5-%ed%95%ab%ed%95%9c-%ed%99%98%ec%8a%b9%ec%9,https://gogumafarm.kr/%ec%a7%80%ea%b8%88-%ea%b0%80%ec%9e%a5-%ed%95%ab%ed%95%9c-%ed%99%98%ec%8a%b9%ec%97%b0%ec%95%a03%ec%97%90%ec%84%9c-%ed%83%84%ec%83%9d%ed%95%9c-%ec%b5%9c%ec%8b%a0-%eb%b0%88-%eb%b9%a0%eb%a5%b4%ea%b2%8c/,지금 가장 핫한 환승연애3에서 탄생한 최신 밈! 빠르게 알려드려요!,2023-12-21,X(트위터)|밈|유튜브,https://gogumafarm.kr/wp-content/uploads/2023/12/고구마팜올해가-가기-전-알아야-할-최신-밈-등장-02.png,true,X(트위터)|밈,1,success,1,38,999c72a2b06e5aa5da5fd14566f1a7ba9c11b2c13a84fbad418cbbfd2ade983c,2026-07-09.api_terms.1,2026-07-09T15:19:51+09:00
gogumafarm,최신 밈과 트렌드,2023-%eb%b0%88-%ec%b5%9c%ec%a2%85-%ec%a0%95%eb%a6%ac-%ec%95%84%ed%8b%b0%ed%81%b4,https://gogumafarm.kr/2023-%eb%b0%88-%ec%b5%9c%ec%a2%85-%ec%a0%95%eb%a6%ac-%ec%95%84%ed%8b%b0%ed%81%b4-%ed%95%98%eb%82%98%eb%a1%9c-%eb%81%9d%eb%83%85%ec%8b%9c%eb%8b%a4/,2023 밈 최종 정리! 아티클 하나로 끝냅시다!,2023-12-19,밈|인터랙티브콘텐츠,https://gogumafarm.kr/wp-content/uploads/2023/12/고구마팜-아티클썸네일_2023밈어워즈.jpg,true,밈,0,success,1,39,34df495964b44c9868edea1a0c8f5c7a86ae2106671f303769e3bd8ac0e51826,2026-07-09.api_terms.1,2026-07-09T15:19:51+09:00
gogumafarm,최신 밈과 트렌드,%ec%9a%94%ec%a6%98%ec%9d%80-%eb%af%b8%ec%b3%a4%eb%8b%a4-%eb%8c%80%ec%8b%a0-%ed%8,https://gogumafarm.kr/%ec%9a%94%ec%a6%98%ec%9d%80-%eb%af%b8%ec%b3%a4%eb%8b%a4-%eb%8c%80%ec%8b%a0-%ed%8f%ad%eb%a3%a1%ec%a0%81%ec%9d%b4%eb%8b%a4-%ea%b0%80%ec%9d%84%eb%a7%9e%ec%9d%b4-%ec%b5%9c%ec%8b%a0-%eb%b0%88-%ec%97%85/,"요즘은 ‘미쳤다’ 대신 ‘폭룡적이다’?! 가을맞이 최신 밈 업데이트! (9, 10월 최신 밈 모음집)",2023-10-18,X(트위터)|밈|바이럴,https://gogumafarm.kr/wp-content/uploads/2023/10/고구마팜-아티클썸네일_최신밈_폭룡적.png,true,X(트위터)|밈|바이럴,8,success,1,40,88221baa36208a1022f099e964812f1bbfa333275b3139cd16276c777ddb1299,2026-07-09.api_terms.1,2026-07-09T15:19:51+09:00
gogumafarm,최신 밈과 트렌드,%ec%96%b4%eb%8a%90%eb%8d%a7-%ec%b9%b4%ec%9a%b0%eb%a3%bd%ec%b9%b4%ec%9a%b0%eb%a3%,https://gogumafarm.kr/%ec%96%b4%eb%8a%90%eb%8d%a7-%ec%b9%b4%ec%9a%b0%eb%a3%bd%ec%b9%b4%ec%9a%b0%eb%a3%bd-%ea%b0%9c%ed%81%b0%ea%b5%ac%eb%a7%a4%ec%9a%94-%ec%9d%b4-%ec%b5%9c%ec%8b%a0-%eb%b0%88%ec%9d%b4-%eb%82%af/,어느덧 ‘카우룽카우룽’ ‘개큰구매요!’ 이 최신 밈이 낯설게 느껴진다면? 고구마팜 꽉껴!! (2023년 10월 최신 밈 모음집),2023-10-17,X(트위터)|밈|바이럴,https://gogumafarm.kr/wp-content/uploads/2023/10/고구마팜-아티클썸네일_2023_10월최신밈-1.png,true,X(트위터)|밈|바이럴,1,success,1,41,411c46bd33d8287cba0a64f9009317ab2491fd874289f25f022b08a660205e24,2026-07-09.api_terms.1,2026-07-09T15:19:51+09:00
gogumafarm,최신 밈과 트렌드,%ec%95%88%ec%84%b8%ec%98%81%ec%9d%80-%ec%82%ac%ec%8b%a4-%ec%a7%b1%ec%84%b8%ec%98,https://gogumafarm.kr/%ec%95%88%ec%84%b8%ec%98%81%ec%9d%80-%ec%82%ac%ec%8b%a4-%ec%a7%b1%ec%84%b8%ec%98%81-21%ec%b4%88-%eb%a7%8c%ec%97%90-%ec%a0%84%ec%97%ad%ed%95%9c-%ec%a7%80%ec%9c%a0%ec%b0%ac-%ec%95%84%ec%8b%9c%ec%95%88/,안세영은 사실 짱세영! 21초 만에 전역한 지유찬! 아시안게임에도 밈이 있다고?,2023-10-16,X(트위터)|밈|바이럴,https://gogumafarm.kr/wp-content/uploads/2023/10/1016.png,true,X(트위터)|밈|바이럴,0,success,1,42,1c544b970ff21c8ceddfbd314cb1a8b2f15cd4125e34a82bc387cf72cff7a675,2026-07-09.api_terms.1,2026-07-09T15:19:51+09:00
gogumafarm,최신 밈과 트렌드,%ec%b5%9c%ec%8b%a0-%eb%b0%88-%eb%b9%a8%eb%a6%ac-%ec%95%8c%eb%a0%a4%ec%a3%bc%ec%8,https://gogumafarm.kr/%ec%b5%9c%ec%8b%a0-%eb%b0%88-%eb%b9%a8%eb%a6%ac-%ec%95%8c%eb%a0%a4%ec%a3%bc%ec%87%bc-%ec%9d%b4%ea%b1%b4-%eb%82%b4-%eb%b6%80%ed%83%81%ec%9d%b4%ec%98%a4-23%eb%85%84-8%ec%9b%94-%ec%b5%9c%ec%8b%a0/,최신 밈 빨리 알려주쇼. 이건 내 부탁이오. (23년 8월 최신 밈 모음집),2023-08-24,SNS|밈|바이럴,https://gogumafarm.kr/wp-content/uploads/2023/08/고구마팜-아티클썸네일_202308밈2_-1.png,true,SNS|밈|바이럴,3,success,1,43,c73099a08a8e7f013adabf8d2bc42c2dae96306c632824a8e8eaba3fdcb7fb8e,2026-07-09.api_terms.1,2026-07-09T15:19:51+09:00
gogumafarm,최신 밈과 트렌드,%ec%8a%a4%eb%a0%88%eb%93%9c%ec%97%90%ec%84%9c-%ed%8d%bc%ec%a7%84-%eb%b0%88%ec%9d,https://gogumafarm.kr/%ec%8a%a4%eb%a0%88%eb%93%9c%ec%97%90%ec%84%9c-%ed%8d%bc%ec%a7%84-%eb%b0%88%ec%9d%84-%ec%b0%be%ea%b3%a0-%ec%9e%88%eb%8b%a4%eb%a9%b4-%ea%b8%b0%ec%95%84-%ed%83%80%ec%9d%b4%ea%b1%b0%ec%a6%88-%ea%b9%80/,스레드에서 퍼진 밈을 찾고 있다면? [기아 타이거즈 김도영 선수 ‘그런 날 있잖아’],2023-07-24,밈|바이럴|스레드,https://gogumafarm.kr/wp-content/uploads/2023/07/IMG_7666-3.jpg,true,밈|바이럴,1,success,1,44,009075cfe957ec1d39d51410c0240d4e7f9f79c2b8a45f343a1c62c426df6490,2026-07-09.api_terms.1,2026-07-09T15:19:51+09:00
gogumafarm,최신 밈과 트렌드,%ea%b3%a0%ea%b5%ac%eb%a7%88%ed%8c%9c-%ec%82%ac%eb%ac%b4%ec%a0%81%ec%9d%b8-%ed%83,https://gogumafarm.kr/%ea%b3%a0%ea%b5%ac%eb%a7%88%ed%8c%9c-%ec%82%ac%eb%ac%b4%ec%a0%81%ec%9d%b8-%ed%83%9c%eb%8f%84-%ec%84%ad%ec%84%ad%ed%95%98%eb%84%a4%ec%9a%94-%ec%b5%9c%ec%8b%a0-%eb%b0%88-%eb%aa%a8%eb%a5%b4%ea%b2%a0/,최신 밈 모르겠다면 클릭! (23년 7월 최신 밈 모음집),2023-07-21,X(트위터)|밈|바이럴,https://gogumafarm.kr/wp-content/uploads/2023/07/고구마팜-아티클썸네일_최신밈202307.png,true,X(트위터)|밈|바이럴,5,success,1,45,adaa99a46681d9504206a94667780b1c369806c787d50b3e232013a290538383,2026-07-09.api_terms.1,2026-07-09T15:19:51+09:00
gogumafarm,최신 밈과 트렌드,%eb%b0%94%ec%9d%b4%eb%9f%b4%ed%95%a0-%eb%95%8c-%ec%b5%9c%ec%8b%a0-%eb%b0%88-%ec%,https://gogumafarm.kr/%eb%b0%94%ec%9d%b4%eb%9f%b4%ed%95%a0-%eb%95%8c-%ec%b5%9c%ec%8b%a0-%eb%b0%88-%ec%96%b4%eb%95%8c%ec%9a%94-%ec%9d%b4%ea%b1%b0-%ec%a0%84%ea%b3%b5%ec%97%90%ec%84%9c-%eb%b0%b0%ec%9a%b4%ea%b1%b4%eb%8d%b0/,바이럴할 때 최신 밈 어때요? [이거 전공에서 배운건데 / 맥도날드 햄버거 100개],2023-07-18,X(트위터)|밈|바이럴,https://gogumafarm.kr/wp-content/uploads/2023/07/IMG_7666-2.jpg,true,X(트위터)|밈|바이럴,0,success,1,46,5a80d2c36a38c979a137e6a2a01305e05626d3105cd642152bcd1b9202b35011,2026-07-09.api_terms.1,2026-07-09T15:19:51+09:00
gogumafarm,최신 밈과 트렌드,%ec%95%8c%ec%93%b8%ec%b5%9c%eb%b0%88-%ec%95%8c%ec%95%84%eb%91%90%eb%a9%b4-%ec%93,https://gogumafarm.kr/%ec%95%8c%ec%93%b8%ec%b5%9c%eb%b0%88-%ec%95%8c%ec%95%84%eb%91%90%eb%a9%b4-%ec%93%b8-%eb%8d%b0-%ec%9e%88%eb%8a%94-%ec%b5%9c%ec%8b%a0-%eb%b0%88-%eb%aa%a8%ec%9d%8c-%ea%b3%b5%eb%ac%b4%ec%9b%90-%ed%8f%ad/,알쓸최밈 : 알아두면 쓸 데 있는 최신 밈 모음! [공무원 폭력성 실험 / 어떻게 지평좌표계로 고정을 하셨죠?],2023-06-27,X(트위터)|밈|유튜브,https://gogumafarm.kr/wp-content/uploads/2023/06/IMG_7666-24.jpg,true,X(트위터)|밈,2,success,1,47,eb907871c512c8e892291cdfa4a201619686d32878c6cf49dd5db12baec059dd,2026-07-09.api_terms.1,2026-07-09T15:19:51+09:00
gogumafarm,최신 밈과 트렌드,%eb%8b%b9%ec%9c%bc%eb%a1%9c-%eb%81%9d%eb%82%98%eb%8a%94-%eb%8b%a8%ec%96%b4-%ec%8,https://gogumafarm.kr/%eb%8b%b9%ec%9c%bc%eb%a1%9c-%eb%81%9d%eb%82%98%eb%8a%94-%eb%8b%a8%ec%96%b4-%ec%84%b8-%ea%b0%80%ec%a7%80%eb%8a%94-%eb%8b%a4-%eb%aa%a8%eb%a5%b4%ea%b2%a0%ea%b3%a0-%ec%b5%9c%ec%8b%a0%eb%b0%88%ec%9d%b4/,당으로 끝나는 단어 세 가지는?! 다 모르겠고 최신밈이당,2023-06-07,X(트위터)|밈|유튜브,https://gogumafarm.kr/wp-content/uploads/2023/06/고구마팜-아티클썸네일_최신밈모음1.png,true,X(트위터)|밈,4,success,1,48,077d623212949cbc3fb157dbe1122b334869264b0109969b20221f95f8d31fa3,2026-07-09.api_terms.1,2026-07-09T15:19:51+09:00
gogumafarm,최신 밈과 트렌드,%eb%bb%94%eb%bb%94%ed%95%98%eb%a9%b4-%ec%98%a4%ed%9e%88%eb%a0%a4-%ec%a2%8b%ec%95,https://gogumafarm.kr/%eb%bb%94%eb%bb%94%ed%95%98%eb%a9%b4-%ec%98%a4%ed%9e%88%eb%a0%a4-%ec%a2%8b%ec%95%84-%ed%8a%b8%ec%9c%84%ed%84%b0-%ec%b5%9c%ec%8b%a0-%eb%b0%88-%eb%aa%a8%ec%9d%8c-%eb%ac%b4%ec%a1%b0%ea%b1%b4-%eb%b0%95/,"뻔뻔하면 오히려 좋아! 트위터 최신 밈 모음 [무조건 박수갈채, close. to, 혼잣말 아티스트]",2023-06-05,X(트위터)|밈|바이럴,https://gogumafarm.kr/wp-content/uploads/2023/06/IMG_7666.jpg,true,X(트위터)|밈|바이럴,0,success,1,49,440a7468d427a5b9dc4d77dc88b87b35057bbba2169fb20970bf6dcdbdd8796b,2026-07-09.api_terms.1,2026-07-09T15:19:51+09:00
gogumafarm,최신 밈과 트렌드,%ec%a7%80%ea%b8%88-%eb%b0%94%eb%a1%9c-%ec%8d%a8%ec%95%bc-%ed%95%98%eb%8a%94-%ed%,https://gogumafarm.kr/%ec%a7%80%ea%b8%88-%eb%b0%94%eb%a1%9c-%ec%8d%a8%ec%95%bc-%ed%95%98%eb%8a%94-%ed%8a%b8%ec%9c%84%ed%84%b0-%ec%b5%9c%ec%8b%a0%eb%b0%88-%ec%9a%94%ec%a6%98-%ec%8a%a4%eb%a9%80%ec%8a%a4%eb%a9%80-%ec%9c%a0/,"지금 바로 써야 하는 트위터 최신밈! [요즘 스멀스멀 유행하는 녹색들, 그냥 카페]",2023-05-16,X(트위터)|밈|바이럴,https://gogumafarm.kr/wp-content/uploads/2023/05/IMG_7666-16.jpg,true,X(트위터)|밈|바이럴|유행,0,success,1,50,edc89c8cf5922246e5987ddd773f2e2d6832e3f49afaf3fae53106d2c7c27f9b,2026-07-09.api_terms.1,2026-07-09T15:19:51+09:00
gogumafarm,최신 밈과 트렌드,%ed%8a%b8%ec%9c%84%ed%84%b0-%ec%b5%9c%ec%8b%a0-%eb%b0%88%ec%9d%84-%eb%b0%b0%ec%9,https://gogumafarm.kr/%ed%8a%b8%ec%9c%84%ed%84%b0-%ec%b5%9c%ec%8b%a0-%eb%b0%88%ec%9d%84-%eb%b0%b0%ec%9b%8c%eb%b3%b4%ec%9e%90-%ec%8a%a4%eb%a9%80%ec%8a%a4%eb%a9%80-%ec%9e%ac%ec%9c%a0%ed%96%89%ed%95%98%eb%8a%94-%ea%b2%83/,"트위터 최신 밈을 배워보자! [스멀스멀 재유행하는 것들, 넌 내가 바보로 보여?]",2023-04-18,X(트위터)|밈|바이럴,https://gogumafarm.kr/wp-content/uploads/2023/04/IMG_7666-5.jpg,true,X(트위터)|밈|바이럴|유행,0,success,1,51,90736be8d87e51548581d3b0ef9cf8411c419299db945a519f57af3c6a6e19f3,2026-07-09.api_terms.1,2026-07-09T15:19:51+09:00
gogumafarm,최신 밈과 트렌드,%ec%95%84%eb%8a%94-%eb%a7%8c%ed%81%bc-%eb%b3%b4%ec%9d%b4%eb%8a%94-%ec%9a%94%ec%a,https://gogumafarm.kr/%ec%95%84%eb%8a%94-%eb%a7%8c%ed%81%bc-%eb%b3%b4%ec%9d%b4%eb%8a%94-%ec%9a%94%ec%a6%98-%eb%b0%88-%eb%aa%a8%ec%9d%8c/,아는 만큼 보이는 요즘 밈 모음,2023-03-21,X(트위터)|밈,https://gogumafarm.kr/wp-content/uploads/2023/03/고구마팜-아티클썸네일_꼭알아야하는밈수정.png,true,X(트위터)|밈,5,success,1,52,8e988fb7a56fa21080c75f8dcd1e13540585c961e0b7ca8c8fb71e488a02b374,2026-07-09.api_terms.1,2026-07-09T15:19:51+09:00
gogumafarm,최신 밈과 트렌드,%eb%8d%94-%ea%b8%80%eb%a1%9c%eb%a6%ac-%ec%8b%9c%ec%a6%8c2-%ec%95%88-%eb%b4%90%eb,https://gogumafarm.kr/%eb%8d%94-%ea%b8%80%eb%a1%9c%eb%a6%ac-%ec%8b%9c%ec%a6%8c2-%ec%95%88-%eb%b4%90%eb%8f%84-%ec%93%b8-%ec%88%98-%ec%9e%88%eb%8a%94-%eb%aa%85%eb%8c%80%ec%82%ac%ec%99%80-%eb%a7%88%ec%bc%80%ed%8c%85-%ed%99%9c/,더 글로리 시즌2 안 봐도 쓸 수 있는 명대사와 마케팅 활용법!,2023-03-20,OTT|밈,https://gogumafarm.kr/wp-content/uploads/2023/03/IMG_7475-60.jpg,true,밈,4,success,1,53,35e0aa093c5e6f2003496118e6e741b9926e74e3c83f9518e998fac2b429616b,2026-07-09.api_terms.1,2026-07-09T15:19:51+09:00
gogumafarm,최신 밈과 트렌드,%eb%b0%88%ec%9d%84-%ed%99%9c%ec%9a%a9%ed%95%9c-%eb%a7%88%ec%bc%80%ed%8c%85%ea%b3,https://gogumafarm.kr/%eb%b0%88%ec%9d%84-%ed%99%9c%ec%9a%a9%ed%95%9c-%eb%a7%88%ec%bc%80%ed%8c%85%ea%b3%bc-%ec%b5%9c%ec%8b%a0-%eb%b0%88/,밈을 활용한 마케팅과 최신 밈,2023-02-20,X(트위터)|밈|바이럴,https://gogumafarm.kr/wp-content/uploads/2023/02/IMG_7475-37.jpg,true,X(트위터)|밈|바이럴,0,success,1,54,369d19d5bc17e28facf5e3a8b9dbeff8aa66d8fff4189b5a036db1c78b69c7b8,2026-07-09.api_terms.1,2026-07-09T15:19:51+09:00
gogumafarm,최신 밈과 트렌드,%eb%a7%88%ec%bc%80%ed%8c%85%ec%97%90-%eb%b0%94%eb%a1%9c-%ec%a0%81%ec%9a%a9%ed%95,https://gogumafarm.kr/%eb%a7%88%ec%bc%80%ed%8c%85%ec%97%90-%eb%b0%94%eb%a1%9c-%ec%a0%81%ec%9a%a9%ed%95%98%eb%8a%94-%ec%bd%98%ed%85%90%ec%b8%a0-%ec%86%8c%ec%9e%ac-%ed%94%84%eb%b0%95%ec%bd%94%eb%93%9c-%eb%b0%88/,"마케팅에 바로 적용하는 콘텐츠 소재 [프박코드, 밈]",2023-02-15,X(트위터)|밈|바이럴,https://gogumafarm.kr/wp-content/uploads/2023/02/IMG_7475-35.jpg,true,X(트위터)|밈|바이럴,0,success,1,55,bf0e7ba8fa7ddf4da18fda653f785801f71b2ede5093dbfaed39c0545d6df120,2026-07-09.api_terms.1,2026-07-09T15:19:51+09:00
gogumafarm,최신 밈과 트렌드,%ec%a7%80%ea%b8%88-%eb%8b%b9%ec%9e%a5-%ec%8d%a8%eb%a8%b9%ec%96%b4%ec%95%bc-%ed%9,https://gogumafarm.kr/%ec%a7%80%ea%b8%88-%eb%8b%b9%ec%9e%a5-%ec%8d%a8%eb%a8%b9%ec%96%b4%ec%95%bc-%ed%95%98%eb%8a%94-%eb%b0%88-%eb%91%90-%ea%b0%80%ec%a7%80/,지금 당장 써먹어야 하는 밈 두 가지!,2023-02-02,밈|바이럴,https://gogumafarm.kr/wp-content/uploads/2023/02/IMG_7475-24.jpg,true,밈|바이럴,0,success,1,56,8f86e72c6291898a50a79ac92c02c17c136a10221c696c9d3ea9d9ce4110f282,2026-07-09.api_terms.1,2026-07-09T15:19:51+09:00
gogumafarm,최신 밈과 트렌드,%ea%be%b8%ec%9b%a8%ec%95%a1-%eb%b0%88-%eb%aa%a8%eb%a5%b8%eb%8b%a4%eb%a9%b4-%ec%b,https://gogumafarm.kr/%ea%be%b8%ec%9b%a8%ec%95%a1-%eb%b0%88-%eb%aa%a8%eb%a5%b8%eb%8b%a4%eb%a9%b4-%ec%b5%9c%ec%8b%a0-%eb%b0%88-%ec%a0%95%eb%a6%ac/,꾸웨액 밈 모른다면? 최신 밈 정리,2023-01-30,MZ세대|밈,https://gogumafarm.kr/wp-content/uploads/2023/01/고구마팜-아티클썸네일_2023밈수정2.jpg,true,밈,6,success,1,57,024260fcea675fc9edfbfc6b9744d5443ed02d4a10e8acd75f4a2c46f0f0c153,2026-07-09.api_terms.1,2026-07-09T15:19:51+09:00
gogumafarm,최신 밈과 트렌드,%ed%8a%b8%ec%9c%84%ed%84%b0%ec%97%90%ec%84%9c-%ed%99%94%ec%a0%9c%ec%9d%b8-%ec%b5,https://gogumafarm.kr/%ed%8a%b8%ec%9c%84%ed%84%b0%ec%97%90%ec%84%9c-%ed%99%94%ec%a0%9c%ec%9d%b8-%ec%b5%9c%ec%8b%a0-%eb%b0%88-%eb%b3%b4%eb%a5%b4%ec%a1%b0%ec%9d%b4-%eb%b0%88-%ea%b1%b0%ec%b9%a0%ea%b2%8c-%ed%8c%8c-%eb%aa%a8/,"트위터에서 화제인 최신 밈 [보르조이 밈, 거칠게 파 모나리자 스마일]",2023-01-19,X(트위터)|밈|바이럴,https://gogumafarm.kr/wp-content/uploads/2023/01/IMG_7475-15.jpg,true,X(트위터)|밈|바이럴,0,success,1,58,338c4791e8e2890e8c17f14899132d3f3a81f120e073714e5bda70bdafead527,2026-07-09.api_terms.1,2026-07-09T15:19:51+09:00
gogumafarm,최신 밈과 트렌드,%eb%8d%94-%ea%b8%80%eb%a1%9c%eb%a6%ac-%ed%99%94%ec%a0%9c%ec%84%b1-%ed%99%9c%ec%9,https://gogumafarm.kr/%eb%8d%94-%ea%b8%80%eb%a1%9c%eb%a6%ac-%ed%99%94%ec%a0%9c%ec%84%b1-%ed%99%9c%ec%9a%a9%eb%b2%95/,더 글로리 명대사 마케팅 활용법 [밈],2023-01-17,OTT|밈,https://gogumafarm.kr/wp-content/uploads/2023/01/IMG_7475-13.jpg,true,밈,0,success,1,59,b5871654d1dbbeed7e0a020ab40aef93c450da6741be7d61a72dede71b805f90,2026-07-09.api_terms.1,2026-07-09T15:19:51+09:00
gogumafarm,최신 밈과 트렌드,%ec%88%8f%ed%8f%bc-%ec%9c%a0%ed%96%89-%eb%b0%88-%ea%b2%b0%ec%82%b0,https://gogumafarm.kr/%ec%88%8f%ed%8f%bc-%ec%9c%a0%ed%96%89-%eb%b0%88-%ea%b2%b0%ec%82%b0/,"숏폼 유행 밈 결산 [챌린지, 유튜브 쇼츠, 틱톡]",2023-01-12,MZ세대|밈|바이럴|숏폼,https://gogumafarm.kr/wp-content/uploads/2023/01/IMG_7475-5.jpg,true,밈|바이럴|숏폼|유행|챌린지|틱톡,1,success,1,60,8cbf0daa06a6581c95138e7e5b0dce979b3df3fb47ab8d22f503dece2f2dab11,2026-07-09.api_terms.1,2026-07-09T15:19:51+09:00
gogumafarm,최신 밈과 트렌드,%ed%8a%b8%ec%9c%84%ed%84%b0-%ec%b5%9c%ec%8b%a0-%ec%9c%a0%ed%96%89-%eb%b0%88-%ec%,https://gogumafarm.kr/%ed%8a%b8%ec%9c%84%ed%84%b0-%ec%b5%9c%ec%8b%a0-%ec%9c%a0%ed%96%89-%eb%b0%88-%ec%b6%95%eb%b3%b5%ec%9d%b4-%eb%81%9d%ec%9d%b4-%ec%97%86%eb%84%a4-%eb%a8%b8%ec%84%a0-%ea%b3%a0%eb%af%bc-%ec%9e%88%eb%82%98/,"트위터 최신 유행 밈 [축복이 끝이 없네, 머선 고민 있나]",2022-12-27,밈,https://gogumafarm.kr/wp-content/uploads/2023/01/제목_없는_아트워크-12.jpg,true,밈|유행,0,success,1,61,4e932808e431649e9aad4418b4db30e483daed0bd278b4ab3428b70d523f1a1e,2026-07-09.api_terms.1,2026-07-09T15:19:51+09:00
gogumafarm,최신 밈과 트렌드,%ec%9a%94%ec%a6%98-%ed%8a%b8%ec%9c%84%ed%84%b0-%ed%99%9c%ec%9a%a9%eb%b2%95-%eb%b,https://gogumafarm.kr/%ec%9a%94%ec%a6%98-%ed%8a%b8%ec%9c%84%ed%84%b0-%ed%99%9c%ec%9a%a9%eb%b2%95-%eb%b0%88/,요즘 트위터 활용법 [밈],2022-12-15,X(트위터)|밈,https://gogumafarm.kr/wp-content/uploads/2023/01/제목_없는_아트워크-4.jpg,true,X(트위터)|밈,0,success,1,62,2f134a66bce5522fcc97175f6ad0b87a858ece86c7bd336902663ee0ffa6c935,2026-07-09.api_terms.1,2026-07-09T15:19:51+09:00
gogumafarm,최신 밈과 트렌드,2022%eb%85%84-%eb%b0%88-%ec%b5%9c%ec%a2%85-%ec%a0%95%eb%a6%ac,https://gogumafarm.kr/2022%eb%85%84-%eb%b0%88-%ec%b5%9c%ec%a2%85-%ec%a0%95%eb%a6%ac/,2022년 밈 최종 정리,2022-12-13,MZ세대|밈,https://gogumafarm.kr/wp-content/uploads/2023/01/고구마팜-아티클썸네일_221212_밈어워즈-1.jpg,true,밈,11,success,1,63,7a7549dca60313cf59e6fcebda6c642987e9c6ddf6f1ac731bf655d555551cf0,2026-07-09.api_terms.1,2026-07-09T15:19:51+09:00
gogumafarm,최신 밈과 트렌드,%ec%9a%94%ec%a6%98-%ec%93%b0%ea%b8%b0-%ec%a2%8b%ec%9d%80-2022-%ec%b5%9c%ec%8b%a0,https://gogumafarm.kr/%ec%9a%94%ec%a6%98-%ec%93%b0%ea%b8%b0-%ec%a2%8b%ec%9d%80-2022-%ec%b5%9c%ec%8b%a0-%eb%b0%88-%eb%aa%a8%ec%9d%8c/,요즘 쓰기 좋은 2022 최신 밈 모음,2022-11-18,MZ세대|밈,https://gogumafarm.kr/wp-content/uploads/2023/01/고구마팜-아티클썸네일_221118_밈활용_수정.jpg,true,밈,7,success,1,64,8db7c50cb057990596e0f89161dd5725e5594ce02b70120c5be9c3dd827eed4c,2026-07-09.api_terms.1,2026-07-09T15:19:51+09:00
gogumafarm,최신 밈과 트렌드,%ec%9a%94%ec%a6%98-%eb%b0%88-%ed%99%9c%ec%9a%a9%ed%95%b4-%ec%84%bc%ec%8a%a4-%ec%,https://gogumafarm.kr/%ec%9a%94%ec%a6%98-%eb%b0%88-%ed%99%9c%ec%9a%a9%ed%95%b4-%ec%84%bc%ec%8a%a4-%ec%9e%88%ea%b2%8c-sns-%ec%9a%b4%ec%98%81%ed%95%98%ea%b8%b0/,요즘 밈 활용해 센스 있게 SNS 운영하기,2022-11-15,X(트위터)|밈,https://gogumafarm.kr/wp-content/uploads/2022/11/고구마팜-아티클썸네일_221115_밈2_수정2.jpg,true,SNS|X(트위터)|밈,5,success,1,65,92278659aff01ce168b3038f70e27533c735e9e7177fe8ec508e281623fece8e,2026-07-09.api_terms.1,2026-07-09T15:19:51+09:00
gogumafarm,최신 밈과 트렌드,%ed%8a%b8%ec%9c%84%ed%84%b0%ec%97%90%ec%84%9c-%ed%99%94%ec%a0%9c%ec%9d%b8-%eb%b0,https://gogumafarm.kr/%ed%8a%b8%ec%9c%84%ed%84%b0%ec%97%90%ec%84%9c-%ed%99%94%ec%a0%9c%ec%9d%b8-%eb%b0%88%ea%b3%bc-%ed%8a%b8%eb%a0%8c%eb%93%9c%eb%a5%bc-%ec%95%8c%ea%b3%a0-%ec%8b%b6%eb%8b%a4%eb%a9%b4-%ed%81%b4%eb%a6%ad/,트위터에서 화제인 밈과 트렌드를 알고 싶다면? 클릭!,2022-08-17,X(트위터)|밈,https://gogumafarm.kr/wp-content/uploads/2022/08/고구마말랭이-91.jpg,true,X(트위터)|밈|트렌드,0,success,1,66,d52753119737d8f14dc7ad647db4c5106652978bf099301ce3e76bbf6db95a70,2026-07-09.api_terms.1,2026-07-09T15:19:51+09:00
gogumafarm,최신 밈과 트렌드,%eb%b8%8c%eb%9e%9c%eb%93%9c-sns-%ea%b3%84%ec%a0%95%ec%9d%b4-%ed%99%9c%ec%9a%a9%e,https://gogumafarm.kr/%eb%b8%8c%eb%9e%9c%eb%93%9c-sns-%ea%b3%84%ec%a0%95%ec%9d%b4-%ed%99%9c%ec%9a%a9%ed%95%98%ea%b8%b0-%ec%a2%8b%ec%9d%80-%ec%b5%9c%ec%8b%a0-%eb%b0%88%ec%9d%84-%ec%b0%be%ea%b3%a0-%ec%9e%88%eb%8b%a4%eb%a9%b4/,브랜드 SNS 계정이 활용하기 좋은 최신 밈을 찾고 있다면? 클릭!,2022-08-05,X(트위터)|밈,https://gogumafarm.kr/wp-content/uploads/2022/08/고구마말랭이-58.jpg,true,SNS|X(트위터)|밈,0,success,1,67,5dba082f414d43325942548649b9f0e1705ba3d7f0ee04f73dfaa275ad71b4de,2026-07-09.api_terms.1,2026-07-09T15:19:51+09:00
gogumafarm,최신 밈과 트렌드,%ec%a7%80%ea%b8%88-%ed%99%9c%ec%9a%a9%ed%95%98%ea%b8%b0-%ec%a2%8b%ec%9d%80-%eb%b,https://gogumafarm.kr/%ec%a7%80%ea%b8%88-%ed%99%9c%ec%9a%a9%ed%95%98%ea%b8%b0-%ec%a2%8b%ec%9d%80-%eb%b0%88%ec%9d%84-%ec%95%8c%ea%b3%a0-%ec%8b%b6%eb%8b%a4%eb%a9%b4-%ed%81%b4%eb%a6%ad/,지금 활용하기 좋은 밈을 알고 싶다면? 클릭!,2022-07-28,X(트위터)|밈|유튜브,https://gogumafarm.kr/wp-content/uploads/2022/07/고구마말랭이-82.jpg,true,X(트위터)|밈,0,success,1,68,34cda6fcf1c6a9c5e14d0630e2133c5ed2e3d881eeb8b909fc1c9a18fc98c44a,2026-07-09.api_terms.1,2026-07-09T15:19:51+09:00
gogumafarm,최신 밈과 트렌드,%ec%9d%b8%ea%b8%b0-%eb%93%9c%eb%9d%bc%eb%a7%88%ec%9d%98-%ed%99%94%ec%a0%9c%ec%84,https://gogumafarm.kr/%ec%9d%b8%ea%b8%b0-%eb%93%9c%eb%9d%bc%eb%a7%88%ec%9d%98-%ed%99%94%ec%a0%9c%ec%84%b1%ec%9d%84-%ed%99%9c%ec%9a%a9%ed%95%a0-%eb%b0%a9%eb%b2%95%ec%9d%b4-%ea%b6%81%ea%b8%88%ed%95%98%eb%8b%a4%eb%a9%b4/,인기 드라마의 화제성을 활용할 방법이 궁금하다면? 클릭!,2022-07-26,넷플릭스|밈|숏폼,https://gogumafarm.kr/wp-content/uploads/2022/07/고구마말랭이-80.jpg,true,밈|숏폼,0,success,1,69,c9216dc0a9f6fa232aa52a894c083867e2d698a57deb2b81f187a91232dcbd87,2026-07-09.api_terms.1,2026-07-09T15:19:51+09:00
gogumafarm,최신 밈과 트렌드,%ed%8a%b8%ec%9c%84%ed%84%b0%ec%97%90%ec%84%9c-%ed%99%94%ec%a0%9c%ea%b0%80-%eb%90,https://gogumafarm.kr/%ed%8a%b8%ec%9c%84%ed%84%b0%ec%97%90%ec%84%9c-%ed%99%94%ec%a0%9c%ea%b0%80-%eb%90%9c-%eb%b0%88%ea%b3%bc-%ec%9c%a0%ed%8a%9c%eb%b8%8c-%ec%86%8c%ec%8b%9d%ec%9d%b4-%ea%b6%81%ea%b8%88%ed%95%98%eb%8b%a4/,트위터에서 화제가 된 밈과 유튜브 소식이 궁금하다면 클릭!,2022-06-02,밈|유튜브,https://gogumafarm.kr/wp-content/uploads/2022/06/고구마말랭이-25.jpg,true,밈,0,success,1,70,0aa867fd23f13c3be2d82fa95833bba112ef40f70bc3090a5d369d431659a58e,2026-07-09.api_terms.1,2026-07-09T15:19:51+09:00
gogumafarm,최신 밈과 트렌드,%ec%96%b4-%eb%82%9c%eb%8d%b0-%ec%9a%94%ec%a6%98-%eb%b0%88-%ec%95%8c%eb%a0%a4%eb%,https://gogumafarm.kr/%ec%96%b4-%eb%82%9c%eb%8d%b0-%ec%9a%94%ec%a6%98-%eb%b0%88-%ec%95%8c%eb%a0%a4%eb%8b%ac%eb%9d%bc%ea%b3%a0-%ec%96%b4-%ec%95%8c%ec%95%98%ec%96%b4-%eb%81%88%ec%96%b4/,어. 난데. 요즘 밈 알려달라고? 어. 알았어. 끈어.,2022-05-20,MZ세대|밈,https://gogumafarm.kr/wp-content/uploads/2023/01/고구마팜밈정리_썸네일.jpg,true,밈,7,success,1,71,7f1abcb89f74b9a370ad721fadc16eb0fb0fb479a3a31dbb8922b15c5c7d8c8e,2026-07-09.api_terms.1,2026-07-09T15:19:51+09:00
gogumafarm,최신 밈과 트렌드,%ed%8a%b8%ec%9c%84%ed%84%b0%ec%97%90%ec%84%9c-%ea%b0%80%ec%9e%a5-%ed%95%ab%ed%95,https://gogumafarm.kr/%ed%8a%b8%ec%9c%84%ed%84%b0%ec%97%90%ec%84%9c-%ea%b0%80%ec%9e%a5-%ed%95%ab%ed%95%9c-4%ec%9b%94%ec%9d%98-%ec%86%8c%ec%8b%9d%ec%9d%b4-%ea%b6%81%ea%b8%88%ed%95%98%eb%8b%a4%eb%a9%b4-%ed%81%b4%eb%a6%ad/,트위터에서 가장 핫한 4월의 소식이 궁금하다면 클릭!,2022-04-25,X(트위터)|밈,https://gogumafarm.kr/wp-content/uploads/2022/04/고구마말랭이-44.jpg,true,X(트위터)|밈,1,success,1,72,fd3d7da5b6b27558d3c00bdc020b3a33e3f48cb0965016735d164c3814933e71,2026-07-09.api_terms.1,2026-07-09T15:19:51+09:00
