original_major_category,original_middle_category,original_sub_category,original_food_name,food_code,image_count
,,,카이센동,FC08S03,60
,,,중화볶음면,FC07S02,60
,,,광어회,FC24S01,60
,,,날치알크림파스타,FC07S05,60
,,,마라쌀국수,FC07S02,60
,,,소유라멘,FC07S03,60
,,,차슈동,FC08S03,50
,,,어탕국수,FC07S01,50
,,,아몬드크로와상,FC10S09,50
,,,얼그레이마카롱,FC10S01,50
,,,우삼겹커리,FC19S01,50
,,,고구마식빵,FC10S05,50
,,,콩나물불고기(콩불),FC09S04,50
,,,해천탕,FC04S03,50
,,,매운해물쌀국수,FC07S02,50
,,,블루베리마카롱,FC10S07,50
,,,건두부볶음,FC07S02,50
,,,루꼴라피자,FC10S10,50
,,,차슈바오,FC07S04,40
,,,피자돈까스,FC22S03,40
,,,해신탕,FC04S03,40
,,,육회초밥,FC08S02,40
,,,유산슬,FC09S01,40
,,,추어만두,FC07S04,40
,,,치킨파히타,FC10S01,40
,,,콘수프,FC19S02,40
,,,해물누룽지탕,FC04S03,40
,,,해물라면,FC07S03,40
,,,흑임자죽,FC19S02,40
,,,경주빵,FC10S06,40
,,,순살간장치킨,FC22S05,40
,,,순살어니언치킨,FC22S05,40
,,,어니언베이컨피자,FC10S10,40
,,,우럭초밥,FC08S02,40
,,,오트밀식빵,FC10S01,40
,,,잡채고로케,FC10S05,40
,,,유린기,FC22S03,40
,,,빈대떡,FC16S02,40
,,,바닐라마카롱,FC10S01,40
,,,반계탕,FC04S04,40
,,,물갈비,FC20S02,40
,,,모짜렐라핫도그,FC10S01,40
,,,머랭쿠키,FC02S04,40
,,,비스마르크피자,FC10S10,40
,,,삼겹살스테이크,FC03S03,40
,,,소보루빵,FC10S01,40
,,,마라쇼룽샤,FC09S03,40
,,,마르게리따피자,FC10S10,40
,,,모시떡,FC01S02,40
,,,딸기크로와상,FC10S09,40
,,,두부샐러드,FC11S03,40
,,,두부버섯전골,FC20S03,40
,,,나폴리피자,FC10S10,40
,,,마라살꼬치,FC03S03,40
,,,닭고기쌀국수,FC07S02,40
,,,누드김밥,FC08S02,40
,,,황태찜,FC21S02,40
,,,개불,FC24S01,40
,,,감자그라탕,FC08S04,40
,,,갈비치킨,FC22S05,40
,,,가이 팟 퐁 커리,FC03S03,40
,,,가리비초밥,FC08S02,40
,,,게살고로케,FC10S01,30
,,,고르곤졸라피자,FC10S10,30
,,,황태육개장,FC20S01,30
,,,황태부대찌개,FC20S02,30
,,,감자토스트,FC10S04,30
,,,술떡,FC01S02,30
,,,닭계장,FC20S02,30
,,,페퍼로니피자(씬),FC10S10,30
,,,타코와사비,FC24S01,30
,,,크림치즈호두빵,FC10S08,30
,,,소고기부리또,FC10S04,30
,,,순살양념치킨,FC22S05,30
,,,새우토마토스파게티,FC07S05,30
,,,새우로제파스타,FC07S05,30
,,,쏨땀,FC11S03,30
,,,사천탕수육,FC22S03,30
,,,빨간참치김밥,FC08S02,30
,,,빙떡,FC01S02,30
,,,블루베리파이,FC02S01,30
,,,시래기해장국,FC04S04,30
,,,시나몬크로플,FC10S09,30
,,,앙버터호두과자,FC10S04,30
,,,꽃빵,FC10S01,30
,,,납작만두,FC07S04,30
,,,낙지탕탕이,FC24S01,30
,,,돈부리덮밥,FC08S03,30
,,,코다리냉면,FC07S02,30
,,,돈가스김밥,FC08S02,30
,,,꼬막짬뽕,FC07S06,30
,,,꼬마김밥,FC08S02,30
,,,깨찰빵,FC10S01,30
,,,깐풍치킨(뼈),FC22S05,30
,,,알리오올리오파스타,FC07S05,30
,,,알내장탕,FC04S03,30
,,,아이스크림와플,FC10S01,30
,,,쑥버무리,FC01S02,30
,,,얼큰칼국수,FC07S01,30
,,,들깨수제비,FC07S02,30
,,,두부두루치기,FC18S01,30
,,,동파육,FC18S03,30
,,,치킨퀘사디아,FC10S04,30
,,,치킨커리,FC19S01,30
,,,치킨샐러드,FC11S03,30
,,,크리스피치킨(뼈),FC22S05,30
,,,콩떡,FC01S02,30
,,,부대떡볶이,FC09S02,30
,,,양념닭가슴살,FC03S03,30
,,,양갈비살꼬치,FC03S03,30
,,,야채고로케,FC10S01,30
,,,베트남식 볶음면,FC07S02,30
,,,베이컨치즈버거,FC10S03,30
,,,베이컨샌드위치,FC10S04,30
,,,딸기타르트,FC02S04,30
,,,치즈달걀말이,FC16S02,30
,,,추어칼국수,FC07S01,30
,,,딸기샌드위치,FC10S04,30
,,,버섯샐러드,FC11S03,30
,,,버섯리조또,FC08S04,30
,,,에비(텐)동,FC08S03,30
,,,에그타르트,FC10S09,30
,,,에그마요샌드위치,FC10S04,30
,,,우럭매운탕,FC04S03,30
,,,옥수수떡,FC01S02,30
,,,오피자,FC10S10,30
,,,물회,FC24S01,30
,,,김치찜,FC21S04,30
,,,김치알컵밥,FC08S03,30
,,,초코소라빵,FC10S01,30
,,,초코마카롱,FC10S06,30
,,,참치죽,FC19S02,30
,,,참치마요덮밥,FC08S03,30
,,,망개떡,FC01S02,30
,,,말차까눌레,FC10S09,30
,,,쫄볶이,FC07S02,30
,,,마라탕,FC07S06,30
,,,단팥빵,FC10S06,30
,,,호두과자,FC10S10,30
,,,햄치즈베이글,FC10S01,30
,,,햄에그샌드위치,FC10S04,30
,,,소세지크로와상,FC10S09,30
,,,황태국밥,FC04S01,30
,,,황태국,FC04S03,30
,,,고구마케이크,FC10S07,30
,,,BLT샌드위치,FC10S04,20
,,,황태닭곰탕,FC04S04,20
,,,가자미구이,FC03S02,20
,,,호두타르트,FC10S04,20
,,,가지만두,FC07S04,20
,,,소라숙회,FC24S01,20
,,,순대전골,FC20S02,20
,,,순살간장파닭,FC22S05,20
,,,순살로제치킨,FC22S05,20
,,,순살마요치킨,FC22S05,20
,,,생크림와플,FC10S01,20
,,,소갈비살꼬지,FC03S03,20
,,,햄치즈파니니,FC10S01,20
,,,푸팟퐁커리,FC09S03,20
,,,풍기피자,FC10S10,20
,,,플레인난,FC10S01,20
,,,플레인크로플,FC10S07,20
,,,피자호빵,FC10S05,20
,,,하와이안피자,FC10S10,20
,,,핫도그,FC10S05,20
,,,훈제연어덮밥,FC08S03,20
,,,훈제치킨(뼈),FC03S03,20
,,,녹차머핀,FC10S07,20
,,,단호박샐러드,FC11S03,20
,,,마늘빵,FC10S05,20
,,,마라떡볶이,FC09S02,20
,,,만두라면,FC07S03,20
,,,장어탕,FC04S03,20
,,,쟁반국수,FC07S01,20
,,,전복버터구이,FC03S02,20
,,,주꾸미삽겹살볶음,FC09S03,20
,,,짬뽕 쌀국수,FC07S02,20
,,,짬뽕차돌쌀국수,FC07S02,20
,,,만두전골,FC20S02,20
,,,매생이국,FC04S05,20
,,,맥앤치즈,FC18S01,20
,,,라조기,FC22S03,20
,,,로제돈가스,FC22S03,20
,,,로제떡볶이,FC09S02,20
,,,치즈샌드위치,FC10S04,20
,,,차돌양지쌀국수,FC07S02,20
,,,참치샌드위치,FC10S04,20
,,,찹스테이크,FC09S04,20
,,,초코아이스크림와플,FC10S05,20
,,,초코와플,FC10S08,20
,,,로제리조또,FC08S04,20
,,,리코타치즈샐러드,FC11S03,20
,,,마늘바게트,FC10S05,20
,,,멍게(활),FC24S01,20
,,,멍게비빔밥,FC08S06,20
,,,메밀만두,FC07S04,20
,,,메밀소바,FC07S02,20
,,,교자만두,FC07S04,20
,,,규동,FC08S03,20
,,,김치나베,FC20S03,20
,,,김치낙지죽,FC02S04,20
,,,유니짜장,FC07S06,20
,,,자장떡볶이,FC09S02,20
,,,멸치김밥,FC08S02,20
,,,명란바게트,FC10S05,20
,,,명란크림파스타,FC07S05,20
,,,명태조림,FC18S02,20
,,,모둠순대,FC21S03,20
,,,물밀면,FC07S02,20
,,,잡채말이튀김,FC22S04,20
,,,오돌뼈볶음,FC09S04,20
,,,오레오시리얼,FC19S01,20
,,,오메기떡,FC01S02,20
,,,오일파스타,FC07S05,20
,,,오징어회,FC24S01,20
,,,오코노미야끼,FC16S02,20
,,,옥수수식빵,FC02S01,20
,,,미소라멘,FC07S03,20
,,,민물새우튀김,FC22S02,20
,,,바지락칼국수,FC07S01,20
,,,완두앙금빵,FC10S05,20
,,,우삼겹팟타이,FC07S02,20
,,,고추장불고기,FC09S04,20
,,,에그샌드위치,FC10S04,20
,,,연어포케,FC08S03,20
,,,연유빵,FC10S01,20
,,,반미샌드위치,FC10S04,20
,,,밤떡,FC01S02,20
,,,버터크림빵,FC10S06,20
,,,버팔로윙,FC22S03,20
,,,카레우동,FC07S02,20
,,,카츠동,FC08S03,20
,,,캘리포니아롤,FC08S02,20
,,,초코크로와상,FC10S06,20
,,,초코크로플,FC10S07,20
,,,추어튀김,FC22S02,20
,,,춘권,FC22S01,20
,,,치아바타샌드위치,FC10S04,20
,,,치즈닭갈비,FC09S04,20
,,,치즈라볶이,FC09S02,20
,,,딸기케이크,FC10S07,20
,,,똠얌꿍,FC04S03,20
,,,베이컨토스트,FC10S04,20
,,,약밥,FC01S01,20
,,,양념반후라이드반치킨(뼈),FC22S05,20
,,,양송이수프,FC19S02,20
,,,양장피,FC11S03,20
,,,어묵튀김,FC22S02,20
,,,볼로네제토마토파스타,FC07S05,20
,,,봉골레파스타,FC07S05,20
,,,불고기버거,FC10S03,20
,,,쿠키엔크림케이크,FC10S07,20
,,,크레미롤,FC08S02,20
,,,치즈케이크,FC10S07,20
,,,치킨마요덮밥,FC08S03,20
,,,치킨부리또,FC10S04,20
,,,돌체피자,FC10S10,20
,,,돼지짜글이,FC09S04,20
,,,딸기롤케잌,FC10S07,20
,,,불고기쌀국수,FC07S02,20
,,,브라우니,FC10S04,20
,,,브로콜리수프,FC19S02,20
,,,아몬드시리얼,FC02S01,20
,,,아바이순대,FC21S03,20
,,,아이스크림크로플,FC10S09,20
,,,앙버터치아바타,FC10S01,20
,,,닭내장볶음,FC09S04,20
,,,대구탕,FC04S03,20
,,,대하찜,FC21S02,20
,,,케이준샐러드,FC11S03,20
,,,콤비네이션피자(씬),FC10S10,20
,,,돌솥비빔밥,FC08S06,20
,,,나가사끼짬뽕,FC07S06,20
,,,나주곰탕,FC04S04,20
,,,나쵸,FC02S02,20
,,,난자완스,FC18S03,20
,,,내장볶음,FC09S04,20
,,,꽁치구이,FC03S02,20
,,,애플크럼블,FC10S09,20
,,,스팸김밥,FC08S02,20
,,,시나몬롤,FC10S08,20
,,,꿍 팟 퐁 커리,FC09S03,20
,,,비빔밀면,FC07S02,20
,,,빨계떡,FC07S03,20
,,,빨미까레,FC10S01,20
,,,시오라멘,FC07S03,20
,,,시카고피자,FC10S10,20
,,,쑥떡,FC01S02,20
,,,삼치구이,FC03S02,20
,,,새우(쉬림프)부리또,FC10S04,20
,,,새우김밥,FC08S02,20
,,,새우샌드위치,FC10S04,20
,,,새우샤오롱바오,FC07S04,20
,,,새우오일파스타,FC07S05,20
,,,새우토스트,FC10S04,20
,,,새우튀김우동,FC07S02,20
,,,순살크림(크리미)치킨,FC22S05,20
,,,소고기퀘사디아,FC10S04,20
,,,소고기타다끼초밥,FC08S02,20
,,,소대창쌀국수,FC07S02,20
,,,크림떡볶이,FC09S02,20
,,,크림수프,FC19S01,20
,,,타코야끼,FC10S01,20
,,,탄탄멘,FC07S06,20
,,,튀김꽃빵,FC10S01,20
,,,티라미수,FC10S05,20
,,,팟타이,FC07S02,20
,,,닭가슴살소시지,FC03S03,20
,,,순살후라이드치킨,FC22S05,20
,,,순살훈제양념치킨,FC22S05,20
,,,슈크림크로와상,FC10S01,20
,,,고구마치즈돈가스,FC22S03,20
,,,갈비찜,FC21S03,20
,,,감자핫도그,FC10S04,20
,,,황태만두국,FC04S01,20
,,,황태콩나물해장국,FC20S03,20
,,,후레쉬빵,FC10S06,20
,,,후르츠링시리얼,FC02S01,20
,,,햄샌드위치,FC10S04,20
,,,단호박피자,FC10S10,20
,,,해물쌀국수,FC07S02,20
,,,해산물팟타이,FC07S02,20
,,,간장달걀밥,FC08S06,20
,,,레몬아이스티,FC14S01,15
,,,아샷추,FC14S07,12
,,,말차라떼,FC14S04,12
,,,토마토주스,FC14S01,12
,,,루이보스차,FC14S06,12
,,,훈제닭가슴살소시지,FC03S03,10
,,,녹차롤케잌,FC10S07,10
,,,다슬기해장국,FC04S03,10
,,,함박스테이크,FC03S03,10
,,,피자빵,FC10S01,10
,,,플레인스콘,FC10S01,10
,,,프렌치토스트,FC10S04,10
,,,포테이토피자(팬),FC10S10,10
,,,훈제닭가슴살,FC03S03,10
,,,해물리조또,FC08S04,10
,,,녹차마카롱,FC10S01,10
,,,소고기타코,FC10S04,10
,,,소고기간,FC21S03,10
,,,생크림케이크,FC10S05,10
,,,샤오롱바오,FC07S04,10
,,,생딸기와플,FC02S01,10
,,,새우피자(팬),FC10S10,10
,,,새우피자(씬),FC10S10,10
,,,생크림식빵,FC10S01,10
,,,순살마늘치킨,FC22S05,10
,,,순살간장반후라이드반치킨,FC22S05,10
,,,쇠고기죽,FC19S02,10
,,,쇠고기수프,FC19S02,10
,,,빠네로제파스타,FC07S05,10
,,,블루베리시리얼,FC19S01,10
,,,꿔바로우,FC22S03,10
,,,순살양념반후라이드반치킨,FC22S05,10
,,,스팸김치컵밥,FC08S03,10
,,,슈크림빵,FC10S01,10
,,,순살파닭,FC22S05,10
,,,술국,FC20S02,10
,,,새우크림파스타,FC07S05,10
,,,새우장초밥,FC08S02,10
,,,새우버거,FC10S03,10
,,,순살양념파닭,FC22S05,10
,,,새우만두,FC07S04,10
,,,삼선간짜장,FC07S06,10
,,,삼계전복죽,FC19S02,10
,,,아보카도샌드위치,FC10S04,10
,,,아라비아따파스타,FC07S05,10
,,,소금빵,FC10S07,10
,,,소곱창쌀국수,FC07S02,10
,,,훈제양념치킨,FC03S03,10
,,,빠네크림파스타,FC07S05,10
,,,당근케이크,FC10S07,10
,,,닭윙간장치킨,FC22S05,10
,,,닭윙후라이드치킨,FC22S05,10
,,,닭다리후라이드치킨,FC22S05,10
,,,닭다리양념치킨,FC22S05,10
,,,닭갈비컵밥,FC08S03,10
,,,닭윙&닭다리간장치킨,FC22S05,10
,,,닭가슴살샌드위치,FC10S04,10
,,,포테이토피자(씬),FC10S10,10
,,,페퍼로니피자(팬),FC10S10,10
,,,팥붕어빵,FC10S01,10
,,,팔보채,FC09S01,10
,,,투움바떡볶이,FC09S02,10
,,,꼬막무침,FC11S04,10
,,,닭가슴살샐러드,FC11S03,10
,,,까르보나라파스타,FC07S05,10
,,,까눌레,FC10S09,10
,,,김피탕,FC08S04,10
,,,앙금절편,FC01S02,10
,,,불백(뚝배기불고기),FC09S04,10
,,,불닭마요컵밥,FC08S03,10
,,,불고기피자(팬),FC10S10,10
,,,불고기피자(씬),FC10S10,10
,,,불고기파니니,FC10S08,10
,,,분짜,FC07S02,10
,,,북어찜,FC21S02,10
,,,어니언치킨(뼈),FC22S05,10
,,,어니언링,FC22S04,10
,,,양평해장국,FC04S04,10
,,,양념반간장반치킨(뼈),FC22S05,10
,,,깜빠뉴,FC10S05,10
,,,양꼬치,FC03S03,10
,,,야채호빵,FC10S01,10
,,,꽁치김치찌개,FC20S01,10
,,,꽈배기,FC10S02,10
,,,베이컨크림파스타,FC07S05,10
,,,버터난,FC10S01,10
,,,버섯피자,FC10S10,10
,,,베이컨포테이토피자,FC10S10,10
,,,밤식빵,FC10S01,10
,,,바질크림파스타,FC07S05,10
,,,연유크림빵,FC02S04,10
,,,영양떡,FC01S02,10
,,,연어샐러드,FC11S03,10
,,,연어롤,FC08S02,10
,,,얼그레이까눌레,FC10S09,10
,,,불족발,FC21S03,10
,,,토마토리조또,FC08S04,10
,,,클럽샌드위치,FC10S04,10
,,,크림치즈베이글,FC02S01,10
,,,크림도넛,FC10S09,10
,,,크림(크리미)치킨(뼈),FC22S05,10
,,,크랜베리시리얼,FC02S01,10
,,,쿠키슈,FC10S07,10
,,,콤비네이션피자(팬),FC10S10,10
,,,날치알초밥,FC08S02,10
,,,낙지호롱,FC03S02,10
,,,낙지죽,FC10S01,10
,,,낙지덮밥,FC08S03,10
,,,바나나와플,FC10S05,10
,,,산낙지회,FC24S01,10
,,,사천볶음쌀국수,FC07S02,10
,,,핫바(어묵소시지),FC22S02,10
,,,민트초코마카롱,FC02S01,10
,,,밀크크레이프,FC10S01,10
,,,바게트빵,FC10S07,10
,,,뮤즐리시리얼,FC19S01,10
,,,오트밀시리얼,FC19S01,10
,,,오징어순대,FC21S02,10
,,,옥수수시리얼,FC02S01,10
,,,올갱이해장국,FC04S03,10
,,,우유마카롱,FC10S01,10
,,,김치참치마요컵밥,FC08S03,10
,,,김치죽,FC10S01,10
,,,그래놀라시리얼,FC02S01,10
,,,굴비찜,FC21S02,10
,,,굴비구이,FC03S02,10
,,,우육면,FC07S06,10
,,,옥수수빵,FC10S08,10
,,,우삼겹떡볶이,FC09S02,10
,,,바닐라아이스크림와플,FC10S07,10
,,,바닐라머핀,FC10S01,10
,,,묵은지갈비찜,FC21S03,10
,,,묵밥(묵사발),FC08S01,10
,,,무지개떡,FC01S02,10
,,,모카번,FC10S08,10
,,,모시송편,FC01S02,10
,,,명태찜,FC21S02,10
,,,인절미크로플,FC10S01,10
,,,은행구이,FC03S04,10
,,,울면,FC07S06,10
,,,나시고랭볶음밥,FC08S05,10
,,,돈코츠라멘,FC07S03,10
,,,굴국밥,FC04S01,10
,,,우유식빵,FC10S05,10
,,,카스테라,FC10S01,10
,,,카레컵밥,FC08S03,10
,,,카라멜마카롱,FC10S08,10
,,,카레고로케,FC10S07,10
,,,멸치국수,FC07S01,10
,,,메밀전,FC16S06,10
,,,메론빵,FC10S08,10
,,,칠리새우덮밥,FC08S03,10
,,,먹태,FC09S03,10
,,,맘모스빵,FC10S01,10
,,,짜조,FC22S01,10
,,,진주냉면,FC07S02,10
,,,조기구이,FC03S02,10
,,,젤리롤케잌,FC10S08,10
,,,전주비빔컵밥,FC08S03,10
,,,쟁반짜장,FC07S06,10
,,,장어튀김,FC22S02,10
,,,묵은지닭볶음탕,FC18S03,10
,,,초코까눌레,FC10S02,10
,,,초계탕,FC04S04,10
,,,초계국수,FC07S01,10
,,,천엽,FC21S03,10
,,,찹쌀꽈배기,FC10S01,10
,,,참치마요컵밥,FC08S03,10
,,,찰순대,FC21S03,10
,,,차슈라멘,FC07S03,10
,,,차돌짬뽕,FC07S06,10
,,,차돌떡볶이,FC09S02,10
,,,차돌된장찌개,FC20S02,10
,,,딸기마카롱,FC10S01,10
,,,콘샐러드,FC11S03,10
,,,곱도리탕,FC20S02,10
,,,돼지간,FC21S03,10
,,,돼지두루치기,FC09S04,10
,,,녹두죽,FC10S07,10
,,,칠리새우,FC22S02,10
,,,치킨버거,FC10S03,10
,,,치킨너겟,FC22S03,10
,,,치킨포케,FC08S03,10
,,,치킨토스트,FC10S04,10
,,,치즈스틱,FC22S01,10
,,,치즈버거,FC10S03,10
,,,로스카츠(등심),FC22S03,10
,,,막회,FC24S01,10
,,,마요치킨(뼈),FC22S05,10
,,,마약옥수수,FC01S01,10
,,,치즈피자,FC10S10,10
,,,치즈크로플,FC10S04,10
,,,마라롱샤,FC09S03,10
,,,마라빤,FC04S05,10
,,,로제치킨(뼈),FC22S05,10
,,,마들렌,FC10S07,10
,,,초코케이크,FC10S01,10
,,,초코시리얼,FC02S01,10
,,,초코스콘,FC10S07,10
,,,로제찜닭,FC21S03,10
,,,초코롤케잌,FC10S02,10
,,,레인보우케이크,FC10S07,10
,,,또띠아피자,FC10S10,10
,,,떡만둣국,FC07S04,10
,,,떡만두라면,FC07S03,10
,,,땡초멸치김밥,FC08S02,10
,,,딸기크로플,FC10S01,10
,,,치즈떡볶이,FC09S02,10
,,,치즈곱창,FC09S04,10
,,,치아바타,FC10S09,10
,,,충무김밥,FC08S02,10
,,,추어전,FC16S03,10
,,,초코파운드,FC10S07,10
,,,초코크레이프,FC10S01,10
,,,가라아케,FC22S03,10
,,,고등어구이,FC03S02,10
,,,고기국수,FC07S01,10
,,,고구마핫도그,FC10S04,10
,,,고구마피자(씬),FC10S10,10
,,,고구마샐러드,FC11S03,10
,,,고구마돈가스,FC22S03,10
,,,고구마그라탕,FC08S04,10
,,,계란토스트,FC10S04,10
,,,게살볶음밥,FC08S05,10
,,,해물순두부찌개,FC20S01,10
,,,단호박크럼블,FC10S01,10
,,,단팥크림빵,FC10S08,10
,,,소힘줄(스지) 쌀국수,FC07S02,10
,,,소시지빵,FC10S09,10
,,,소시지고로케,FC10S01,10
,,,소시지(프랑크),FC03S03,10
,,,황태닭개장,FC20S02,10
,,,황도,FC18S01,10
,,,햄치즈토스트,FC10S04,10
,,,황태전골,FC20S01,10
,,,황태미역국,FC04S05,10
,,,황태떡국,FC04S01,10
,,,검은콩국수,FC07S01,10
,,,감자떡,FC01S02,10
,,,감바스,FC09S03,10
,,,헤이즐넛아메리카노(HOT),FC14S07,9
,,,청포도에이드,FC14S08,9
,,,딸기바나나주스,FC14S01,9
,,,초코밀크티,FC14S04,9
,,,아이스카라멜마끼아또,FC14S07,9
,,,플레인요거트스무디,FC14S03,9
,,,아이스초코라떼,FC14S04,9
,,,사과주스,FC14S01,9
,,,연유라떼,FC14S04,9
,,,더치커피,FC14S07,9
,,,바나나쉐이크,FC14S04,9
,,,미숫가루,FC14S02,9
,,,바닐라라떼,FC14S07,9
,,,유자차,FC14S06,9
,,,죠리퐁라떼,FC14S04,9
,,,초코라떼(HOT),FC14S04,9
,,,아이스카페라떼,FC14S07,6
,,,블랙밀크티,FC14S04,6
,,,밀크쉐이크,FC14S04,6
,,,블루레몬에이드,FC14S08,6
,,,아이스시나몬라떼,FC14S07,6
,,,흑당라떼,FC14S04,6
,,,초코스무디,FC14S03,6
,,,청귤차,FC14S06,6
,,,고구마라떼,FC14S04,6
,,,달고나라떼,FC14S07,6
,,,홍차,FC14S06,6
,,,딸기주스,FC14S01,6
,,,모히또,FC14S02,6
,,,바나나주스,FC14S01,6
,,,코코넛라떼(HOT),FC14S07,6
,,,딸기스무디,FC14S03,6
,,,자몽주스,FC14S01,6
,,,딸기빙수,FC13S01,6
,,,그린밀크티,FC14S04,6
,,,깔라만시에이드,FC14S08,6
,,,식혜,FC14S02,6
,,,헤이즐넛라떼(HOT),FC14S07,3
,,,흑당밀크티,FC14S04,3
,,,레몬에이드,FC14S08,3
,,,청귤에이드,FC14S08,3
,,,녹차라떼,FC14S04,3
,,,초코모카라떼(HOT),FC14S07,3
,,,유자스무디,FC14S03,3
,,,자몽에이드,FC14S08,3
,,,인절미빙수,FC13S01,3
,,,망고스무디,FC14S03,3
,,,체리콕에이드,FC14S08,3
,,,얼그레이,FC14S06,3
,,,토피넛라떼,FC14S07,3
,,,키위스무디,FC14S03,3
,,,쿠키쉐이크,FC14S04,3
,,,민트초코라떼,FC14S04,3
,,,모카라떼(HOT),FC14S07,3
,,,오곡라떼,FC14S04,3
,,,오렌지에이드,FC14S08,3
,,,카라멜마끼아또(HOT),FC14S07,3
,,,딸기에이드,FC14S08,3
,,,콜드브루라떼,FC14S07,3
,,,카모마일차,FC14S06,3
,,,돌체라떼(HOT),FC14S07,3
,,,아이스토피넛라떼,FC14S07,3
,,,에스프레소,FC14S07,3
,,,얼그레이밀크티,FC14S04,3
,,,팥빙수,FC13S01,3
,,,아이스티라미수라떼,FC14S07,3
,,,아이스헤이즐넛아메리카노,FC14S07,3
,,,아포가토,FC13S02,3
,,,복숭아아이스티,FC14S01,3
,,,아이스카푸치노,FC14S07,3
,,,아이스코코넛라떼,FC14S07,3
,,,아이스돌체라떼,FC14S07,3
,,,아이스초코,FC14S04,3
,,,아이스모카라떼,FC14S07,3
,,,아메리카노(HOT),FC14S07,3
,,,아이스초코모카라떼,FC14S07,3
,,,블루베리스무디,FC14S03,3
,,,시나몬라떼(HOT),FC14S07,3
,,,수박주스,FC14S01,3
,,,핫초코,FC14S04,3
